date,IRIS ID,USGS ID
2023-07-01,11715354,ak0238d1ci8u
2023-07-01,11715536,ak0238d9ldar
2023-07-01,11715608,ak0238dcdp76
2023-07-01,11715623,ak0238dd0u6o
2023-07-01,11715718,ak0238dbsie2
2023-07-01,11717748,ak0238d0oa6p
2023-07-01,11717795,ak0238dauzxk
2023-07-02,11715710,ak0238eour8p
2023-07-02,11715722,ak0238eptp91
2023-07-02,11715731,ak0238eq2jg6
2023-07-02,11715748,ak0238eqyxqh
2023-07-02,11715757,ak0238erji2h
2023-07-02,11715764,ak0238es4nt3
2023-07-02,11715776,ak0238esexrh
2023-07-02,11715801,ak0238etj0yl
2023-07-02,11715836,ak0238evv38t
2023-07-02,11715841,ak0238evxghc
2023-07-02,11715879,ak0238eyax7d
2023-07-02,11715900,ak0238ezdwtd
2023-07-02,11715905,ak0238ezghse
2023-07-02,11715930,ak0238f0q4pu
2023-07-02,11715934,ak0238f0s3jd
2023-07-02,11715945,ak0238f16uit
2023-07-02,11715946,ak0238f17rcv
2023-07-02,11715953,ak0238f1arwn
2023-07-02,11717720,ak0238etf8ge
2023-07-02,11717728,ak0238es7w1d
2023-07-02,11718640,ak0238eonb5j
2023-07-02,11718650,ak0238enza4u
2023-07-02,11718652,ak0238enm2e4
2023-07-02,11718742,ak0238f0qzqd
2023-07-02,11718747,ak0238f02fpd
2023-07-03,11716015,ak0238gddb14
2023-07-03,11716021,ak0238gdjid7
2023-07-03,11716057,ak0238gehdp7
2023-07-03,11716088,ak0238gf8ng6
2023-07-03,11716089,ak0238gfb49z
2023-07-03,11716094,ak0238gfpz51
2023-07-03,11716127,ak0238ghjqxs
2023-07-03,11716130,ak0238ghnzxp
2023-07-03,11716138,ak0238gghu1b
2023-07-03,11716173,ak0238gji26s
2023-07-03,11716177,ak0238gjkm5j
2023-07-03,11716181,ak0238gjuobm
2023-07-03,11716228,ak0238gl0xva
2023-07-03,11716352,ak0238go4nl5
2023-07-03,11716371,ak0238gou2c5
2023-07-03,11716372,ak0238gou4vn
2023-07-03,11716375,ak0238govk5s
2023-07-03,11718917,ak0238gidka1
2023-07-03,11719418,ak0238gmeljm
2023-07-03,11719428,ak0238gmblnx
2023-07-03,11719434,ak0238go1dfm
2023-07-03,11719437,ak0238gno3l2
2023-07-04,11716410,ak0238i0k5w2
2023-07-04,11716479,ak0238i41sja
2023-07-04,11716492,ak0238i6yfn5
2023-07-04,11716504,ak0238i7kavw
2023-07-04,11716513,ak0238i80xr9
2023-07-04,11716572,ak0238i9xybc
2023-07-04,11716579,ak0238iahs60
2023-07-04,11716592,ak0238ic95ee
2023-07-04,11716596,ak0238icaufb
2023-07-04,11718920,ak0238hyo2b4
2023-07-04,11718927,ak0238i2wgb2
2023-07-04,11718928,ak0238i2n9xr
2023-07-04,11718938,ak0238ia1wbe
2023-07-04,11718952,ak0238ibme0m
2023-07-04,11719656,ak0238i52eu2
2023-07-04,11719659,ak0238i3us44
2023-07-04,11719662,ak0238i4h207
2023-07-04,11719663,ak0238i4e0b7
2023-07-04,11719666,ak0238i43h1u
2023-07-04,11719673,ak0238i7lqt3
2023-07-05,11716605,ak0238jm2pau
2023-07-05,11716651,ak0238joo44r
2023-07-05,11716692,ak0238jrcugh
2023-07-05,11716695,ak0238jrfexf
2023-07-05,11716711,ak0238js8sk1
2023-07-05,11716716,ak0238jsrk6r
2023-07-05,11716883,ak0238jxkylq
2023-07-05,11716889,ak0238jy06pf
2023-07-05,11716914,ak0238jyhzi7
2023-07-05,11716962,ak0238jzrp52
2023-07-05,11719206,ak0238jp4v3d
2023-07-05,11719894,ak0238jtsm6e
2023-07-05,11719899,ak0238juwhwh
2023-07-05,11720250,ak0238juyqw6
2023-07-06,11717016,ak0238law53o
2023-07-06,11717051,ak0238lclfeo
2023-07-06,11717060,ak0238ld447g
2023-07-06,11717076,ak0238ldt367
2023-07-06,11717125,ak0238lgd59l
2023-07-06,11717126,ak0238lgof6t
2023-07-06,11717186,ak0238liqlrf
2023-07-06,11717189,ak0238lg4sgt
2023-07-06,11717199,ak0238lj5gg7
2023-07-06,11717318,ak0238lm63tf
2023-07-06,11719646,ak0238lf0luz
2023-07-06,11720674,ak0238lkc2s0
2023-07-06,11720678,ak0238ljvi00
2023-07-06,11720682,ak0238ljp60i
2023-07-06,11720693,ak0238lkfius
2023-07-06,11720694,ak0238lkf9u5
2023-07-06,11720801,ak0238lc431r
2023-07-06,11720815,ak0238laq2aw
2023-07-06,11720817,ak0238l9n2sa
2023-07-07,11717410,ak0238mxx26h
2023-07-07,11717417,ak0238mycqge
2023-07-07,11717440,ak0238mz635j
2023-07-07,11717445,ak0238mzknlt
2023-07-07,11717485,ak0238n1sqpt
2023-07-07,11717506,ak0238n38dfk
2023-07-07,11717530,ak0238n4upvc
2023-07-07,11717612,ak0238n6lqow
2023-07-07,11717645,ak0238n7h2an
2023-07-07,11717662,ak0238n91cp3
2023-07-07,11717771,ak0238n9l5ti
2023-07-07,11717847,ak0238nah9n0
2023-07-07,11720131,ak0238nawh2y
2023-07-07,11720133,ak0238nacpy0
2023-07-07,11720227,ak0238n7ds8s
2023-07-07,11720279,ak0238n2k8z6
2023-07-07,11720281,ak0238n24xj6
2023-07-07,11720282,ak0238n4703p
2023-07-07,11720430,ak0238myjp5o
2023-07-07,11720442,ak0238mx5epu
2023-07-07,11720444,ak0238n0uo6s
2023-07-07,11720446,ak0238mzip2r
2023-07-07,11720605,ak0238n1wnlm
2023-07-08,11717968,ak0238onrj1r
2023-07-08,11717978,ak0238oo6jww
2023-07-08,11717998,ak0238oposyz
2023-07-08,11718003,ak0238oq6bqb
2023-07-08,11718048,ak0238ot3tqg
2023-07-08,11718056,ak0238oszw7w
2023-07-08,11718086,ak0238ovimjh
2023-07-08,11718093,ak0238ow1vhv
2023-07-08,11718135,ak0238oxvusk
2023-07-08,11718147,ak0238oye6mp
2023-07-08,11718188,ak0238ovdxb7
2023-07-08,11720202,ak0238ontqq7
2023-07-08,11720643,ak0238owrmk3
2023-07-08,11720651,ak0238ouu8b1
2023-07-08,11720656,ak0238ouc7da
2023-07-09,11718169,ak0238q91o9h
2023-07-09,11718221,ak0238qb37dk
2023-07-09,11718232,ak0238qb8bbb
2023-07-09,11718278,ak0238qd4f7x
2023-07-09,11718281,ak0238qd7ez1
2023-07-09,11718320,ak0238qgi8y5
2023-07-09,11718384,ak0238qiyi56
2023-07-09,11718385,ak0238qiyhpp
2023-07-09,11718400,ak0238qjnbv3
2023-07-09,11718431,ak0238qkcxek
2023-07-09,11718442,ak0238qkw5zv
2023-07-09,11720327,ak0238qatxm1
2023-07-09,11720332,ak0238qbcf5z
2023-07-09,11721631,ak0238qhsyz1
2023-07-09,11721633,ak0238qkypxp
2023-07-09,11721878,ak0238qdltvd
2023-07-09,11721894,ak0238qgon69
2023-07-09,11721897,ak0238qh8kdb
2023-07-10,11718495,ak0238rwe5qd
2023-07-10,11718542,ak0238ry37vw
2023-07-10,11718549,ak0238rytk5k
2023-07-10,11718589,ak0238s0j242
2023-07-10,11718592,ak0238s179p7
2023-07-10,11718670,ak0238s3n7he
2023-07-10,11718683,ak0238s492al
2023-07-10,11718684,ak0238s4arug
2023-07-10,11718685,ak0238s4bfeu
2023-07-10,11718692,ak0238s4q6ti
2023-07-10,11718728,us7000ken8
2023-07-10,11718793,ak0238s745su
2023-07-10,11718843,ak0238s8zfst
2023-07-10,11720711,ak0238rzuad9
2023-07-10,11720717,ak0238rwhz4u
2023-07-10,11720937,ak0238s2hsxh
2023-07-10,11721740,ak0238s59wdi
2023-07-10,11721745,ak0238s5gu6u
2023-07-10,11721747,ak0238s9mmoo
2023-07-11,11718888,ak0238tjxv74
2023-07-11,11718969,ak0238tl2u6w
2023-07-11,11718974,ak0238tl6afd
2023-07-11,11719018,ak0238tmcrcz
2023-07-11,11719023,ak0238tmvmjt
2023-07-11,11719029,ak0238tmzfq5
2023-07-11,11719036,ak0238tngm8h
2023-07-11,11719044,ak0238to2hej
2023-07-11,11719059,ak0238tp6pyx
2023-07-11,11719265,ak0238tv8y8k
2023-07-11,11719281,ak0238tvu6ih
2023-07-11,11722024,ak0238tsxk8p
2023-07-11,11722180,ak0238tm6av0
2023-07-11,11722188,ak0238tnd52r
2023-07-12,11719333,ak0238v6qqnw
2023-07-12,11719343,ak0238v70e3u
2023-07-12,11719402,ak0238v9b4gb
2023-07-12,11719442,ak0238v9uy7f
2023-07-12,11719444,ak0238v9wqev
2023-07-12,11719492,ak0238vcpwgf
2023-07-12,11719531,ak0238vem8un
2023-07-12,11719537,ak0238vf2i93
2023-07-12,11719603,ak0238viaxzp
2023-07-12,11719609,ak0238vh5aq5
2023-07-12,11719635,ak0238vis33n
2023-07-12,11719679,ak0238vix8c9
2023-07-12,11719720,ak0238vjxmle
2023-07-12,11719721,ak0238vjxnsa
2023-07-12,11719736,ak0238vkhecf
2023-07-12,11719747,ak0238vkp31x
2023-07-12,11722683,ak0238vf2i9k
2023-07-12,11722919,ak0238vhfug7
2023-07-12,11722922,ak0238vi3np3
2023-07-12,11722927,ak0238viwsx8
2023-07-12,11722939,ak0238vhlo9q
2023-07-12,11722949,ak0238vkl1c1
2023-07-12,11722950,ak0238vkl10q
2023-07-13,11719765,ak0238wuxnrc
2023-07-13,11719768,ak0238wuyfch
2023-07-13,11719805,ak0238ww6e9p
2023-07-13,11719825,ak0238wwqixj
2023-07-13,11719840,ak0238wxa1lr
2023-07-13,11719860,ak0238wy2apd
2023-07-13,11719973,ak0238x1rasm
2023-07-13,11720035,ak0238x3hzxs
2023-07-13,11720064,ak0238x4huvz
2023-07-13,11720087,ak0238x53whw
2023-07-13,11720264,ak0238x809de
2023-07-13,11723599,ak0238x7e1yn
2023-07-13,11723605,ak0238x5l22i
2023-07-13,11723630,ak0238x0wr4x
2023-07-14,11720345,ak0238yil03d
2023-07-14,11720365,ak0238yj5lef
2023-07-14,11720383,ak0238yjbmkh
2023-07-14,11720396,ak0238yju3rc
2023-07-14,11720460,ak0238ymksfh
2023-07-14,11720515,ak0238yq7l0r
2023-07-14,11720574,ak0238yrh7fz
2023-07-14,11720613,ak0238ysmfe6
2023-07-14,11720747,ak0238yuicew
2023-07-14,11720793,ak0238yvmdxr
2023-07-14,11723510,ak0238yuzh7j
2023-07-14,11723512,ak0238yujfp8
2023-07-14,11723516,ak0238ytqulw
2023-07-14,11723522,ak0238ys5o76
2023-07-14,11723526,ak0238yqynbm
2023-07-14,11723534,ak0238yq8v3o
2023-07-14,11723540,ak0238yp0q98
2023-07-14,11723561,ak0238ykzksx
2023-07-14,11723584,ak0238yi1kpx
2023-07-14,11723586,ak0238yhyouo
2023-07-15,11720828,ak023905fp2n
2023-07-15,11720890,ak023907txk9
2023-07-15,11720900,us7000kfx3
2023-07-15,11720915,ak023909iyav
2023-07-15,11720956,ak02390ag14p
2023-07-15,11720968,ak02390bb4g0
2023-07-15,11721044,ak02390f2kbg
2023-07-15,11721126,ak02390iik7e
2023-07-15,11723485,ak02390dp1c2
2023-07-15,11723488,ak02390d3z7x
2023-07-15,11723675,ak02390g6lmb
2023-07-15,11723676,ak02390fk2up
2023-07-15,11723681,ak02390j6dwx
2023-07-15,11723682,ak02390iilda
2023-07-15,11723686,ak02390hhye1
2023-07-16,11721193,ak02391uthzs
2023-07-16,11721259,ak02391wm0lq
2023-07-16,11721261,ak02391wnksy
2023-07-16,11721263,at00rxvmwl
2023-07-16,11721265,us7000kg31
2023-07-16,11721269,ak02391x1ua6
2023-07-16,11721270,us7000kg37
2023-07-16,11721275,us7000kg3d
2023-07-16,11721291,us7000kg40
2023-07-16,11721304,us7000kg4a
2023-07-16,11721313,us7000kg4r
2023-07-16,11721316,ak0239207nlj
2023-07-16,11721343,ak0239217vn7
2023-07-16,11721382,ak023922j450
2023-07-16,11721386,ak023922mojh
2023-07-16,11721424,ak023924enki
2023-07-16,11721938,ak02391w47pg
2023-07-16,11721939,ak02391w16o4
2023-07-16,11721947,ak02391u4x4w
2023-07-16,11722509,ak023923l9t5
2023-07-16,11722510,ak023922r2gx
2023-07-16,11722511,ak023922mrfb
2023-07-16,11722519,ak023923oahq
2023-07-16,11723419,ak02392191xq
2023-07-16,11723423,ak023920tbf6
2023-07-16,11723444,ak02391yyq05
2023-07-16,11723445,ak02391ywsdz
2023-07-17,11721514,ak02393h606z
2023-07-17,11721562,ak02393k98z3
2023-07-17,11721570,ak02393kwdqj
2023-07-17,11721581,ak02393lsx4d
2023-07-17,11721592,ak02393mlqi5
2023-07-17,11721646,ak02393oddmr
2023-07-17,11721684,ak02393piakt
2023-07-17,11721902,ak02393t5v82
2023-07-17,11721907,at00rxynqf
2023-07-17,11721932,ak02393u9px8
2023-07-17,11721971,ak02393ueb9j
2023-07-17,11723916,ak02393l6uvp
2023-07-17,11723921,ak02393mmpi8
2023-07-17,11723922,ak02393mj6dp
2023-07-17,11724093,ak02393iv4hr
2023-07-17,11724104,ak02393jpz7b
2023-07-17,11724666,ak02393rx52q
2023-07-17,11724669,ak02393uady1
2023-07-17,11724683,ak02393s0xey
2023-07-17,11724688,ak02393tpnu0
2023-07-17,11724691,ak02393ufbwp
2023-07-18,11721982,ak0239543no0
2023-07-18,11721996,ak023954p3w7
2023-07-18,11722047,ak023956czu0
2023-07-18,11722067,ak0239576rs6
2023-07-18,11722102,ak023959x9ds
2023-07-18,11722118,us7000kgjj
2023-07-18,11722133,ak02395bzfji
2023-07-18,11722137,ak02395cauqg
2023-07-18,11722152,ak02395cx3lr
2023-07-18,11722211,ak02395e9kbi
2023-07-18,11722234,ak02395f0cvq
2023-07-18,11722238,ak02395fd2iw
2023-07-18,11722293,us7000kgnd
2023-07-18,11722313,ak02395huuaa
2023-07-18,11724648,ak02395boqsv
2023-07-18,11724651,ak02395anwh4
2023-07-18,11725316,ak02395grtl3
2023-07-18,11725467,ak023956nhpa
2023-07-18,11725468,ak023956epir
2023-07-19,11722334,ak02396rqhg7
2023-07-19,11722343,ak02396sbfsm
2023-07-19,11722397,ak02396u280q
2023-07-19,11722469,ak02396y6l6a
2023-07-19,11722474,ak02396y9uxq
2023-07-19,11722592,ak023970p7ha
2023-07-19,11722659,ak023972vvz7
2023-07-19,11722709,ak0239741isv
2023-07-19,11722757,ak0239756wlg
2023-07-19,11723887,av91969926
2023-07-19,11726124,ak023974p2a1
2023-07-20,11722837,ak02398gahrq
2023-07-20,11722862,ak02398gw4il
2023-07-20,11722907,ak02398i9gg9
2023-07-20,11722998,ak02398l7ivc
2023-07-20,11723197,ak02398scww4
2023-07-20,11723216,ak02398r0ifq
2023-07-20,11723224,ak02398q325v
2023-07-20,11723225,ak02398q30u5
2023-07-20,11723235,ak02398pcb4a
2023-07-20,11723241,ak02398p873i
2023-07-20,11723244,ak02398p69pr
2023-07-20,11723248,ak02398ouxcb
2023-07-20,11723264,ak02398o28gz
2023-07-20,11723265,ak02398o24go
2023-07-20,11725517,ak02398h4hxc
2023-07-20,11725525,ak02398j9g3e
2023-07-20,11725533,ak02398i2plg
2023-07-20,11725534,ak02398hm1ki
2023-07-20,11726418,ak02398l9ga7
2023-07-20,11726421,ak02398klgn5
2023-07-21,11723134,ak0239a6su3u
2023-07-21,11723149,ak0239a51lya
2023-07-21,11723152,ak0239a4ovef
2023-07-21,11723170,ak0239a3robw
2023-07-21,11723736,ak0239agj00w
2023-07-21,11723757,ak0239af45c3
2023-07-21,11725978,ak0239a7xwok
2023-07-21,11726388,ak0239ae21dh
2023-07-22,11723764,ak0239br0jv7
2023-07-22,11723782,ak0239brl2gv
2023-07-22,11723842,ak0239bt5uwg
2023-07-22,11723846,ak0239btba15
2023-07-22,11723849,ak0239btdlcn
2023-07-22,11723870,ak0239buy81y
2023-07-22,11723892,ak0239bw8h81
2023-07-22,11723894,ak0239bwdfmb
2023-07-22,11724014,ak0239c0toq0
2023-07-22,11724049,ak0239c2qrek
2023-07-22,11724053,ak0239c2u8a0
2023-07-22,11724075,ak0239c4120l
2023-07-22,11726555,ak0239bw5bjt
2023-07-22,11726569,ak0239bwygoh
2023-07-22,11726652,ak0239c0bsdz
2023-07-23,11724127,us7000khqe
2023-07-23,11724136,ak0239df2200
2023-07-23,11724157,ak0239dgd90w
2023-07-23,11724200,ak0239dj1gck
2023-07-23,11724203,ak0239dj1htw
2023-07-23,11724208,ak0239dj7utg
2023-07-23,11724212,ak0239djc7nu
2023-07-23,11724216,ak0239djwc7b
2023-07-23,11724287,ak0239dnyh9v
2023-07-23,11724334,ak0239dprnxs
2023-07-23,11724338,ak0239dpvgzc
2023-07-23,11724346,ak0239dqrh8l
2023-07-23,11726857,ak0239dqrp4z
2023-07-23,11727365,ak0239dj0835
2023-07-23,11727877,ak0239deb91c
2023-07-24,11724440,ak0239f3k6gg
2023-07-24,11724478,ak0239f5hryd
2023-07-24,11724496,ak0239f7a5qj
2023-07-24,11724500,ak0239f7yabe
2023-07-24,11724502,ak0239f8036x
2023-07-24,11724509,ak0239f8c96l
2023-07-24,11724511,us7000khyj
2023-07-24,11724513,ak0239f8gran
2023-07-24,11724657,ak0239fc61gj
2023-07-24,11724772,ak0239fefb6g
2023-07-24,11725282,av91975226
2023-07-24,11728016,ak0239f3k6in
2023-07-24,11728028,ak0239f1ebz2
2023-07-24,11728033,ak0239f36vbe
2023-07-24,11728041,ak0239f1c9kz
2023-07-24,11728085,ak0239fehybf
2023-07-24,11728095,ak0239fcnias
2023-07-24,11728407,ak0239f7v4ac
2023-07-24,11728427,ak0239f64t32
2023-07-25,11724811,ak0239gosqya
2023-07-25,11724827,ak0239gpyrac
2023-07-25,11724921,ak0239gu48i0
2023-07-25,11724936,ak0239gvhmqh
2023-07-25,11724947,ak0239gw45gv
2023-07-25,11724994,ak0239gxcl7r
2023-07-25,11725058,ak0239gz63vh
2023-07-25,11725172,ak0239h1x6wy
2023-07-25,11725176,ak0239h20d5n
2023-07-25,11725191,ak0239h2joti
2023-07-25,11725226,ak0239h02jn3
2023-07-25,11727605,ak0239gt80lm
2023-07-25,11727612,ak0239gpksrb
2023-07-25,11727614,ak0239gpefy0
2023-07-25,11727955,ak0239gu6bux
2023-07-25,11727957,ak0239gtsc81
2023-07-25,11727965,ak0239gwhhu0
2023-07-25,11728599,ak0239gyc5y2
2023-07-25,11728605,ak0239gzho48
2023-07-25,11728609,ak0239gyu7cr
2023-07-26,11725210,ak0239ice9n9
2023-07-26,11725248,ak0239idg8h7
2023-07-26,11725265,ak0239ids5u5
2023-07-26,11725418,ak0239ik6z7g
2023-07-26,11725447,ak0239ilclar
2023-07-26,11725473,ak0239ilhygl
2023-07-26,11725600,ak0239innebe
2023-07-26,11725661,ak0239ipe7tn
2023-07-26,11728575,ak0239ifuyen
2023-07-27,11725762,ak0239k1pvar
2023-07-27,11725899,ak0239k8dq43
2023-07-27,11725921,ak0239k9h60g
2023-07-27,11725926,ak0239ka2rzg
2023-07-27,11726030,ak0239kbayla
2023-07-27,11726056,ak0239kcc80o
2023-07-27,11726065,ak0239kcfya3
2023-07-28,11726147,ak0239lnk4rc
2023-07-28,11726202,ak0239lpevkq
2023-07-28,11726248,ak0239lr4bsg
2023-07-28,11726258,ak0239lrstxp
2023-07-28,11726318,ak0239ltlwt0
2023-07-28,11726322,ak0239lu27ma
2023-07-28,11726396,ak0239lxmfae
2023-07-28,11726446,ak0239lyp68s
2023-07-28,11726585,ak0239m0nnar
2023-07-28,11729198,ak0239ls9car
2023-07-29,11726730,ak0239ndgvj4
2023-07-29,11726772,ak0239nf8gim
2023-07-29,11726839,ak0239nkfkcg
2023-07-29,11726890,ak0239nl9f65
2023-07-29,11726902,ak0239nlx5ss
2023-07-29,11726935,ak0239nnil32
2023-07-29,11730943,ak0239nl4uxj
2023-07-30,11726963,ak0239oyfsu5
2023-07-30,11726985,ak0239p07x9d
2023-07-30,11726995,ak0239p0tzn9
2023-07-30,11727029,ak0239p21nex
2023-07-30,11727040,ak0239p3aj0r
2023-07-30,11727115,ak0239p7301t
2023-07-30,11727122,ak0239p80uj5
2023-07-30,11727124,ak0239p82mi7
2023-07-30,11727135,ak0239p89fs2
2023-07-30,11727169,ak0239pb07uq
2023-07-30,11731129,ak0239p4feny
2023-07-30,11731566,ak0239p8jonb
2023-07-30,11731605,ak0239pads6h
2023-07-30,11731611,ak0239pc3h4d
2023-07-30,11731613,ak0239pbqzuj
2023-07-30,11731614,ak0239pbp548
2023-07-31,11727209,ak0239qms12h
2023-07-31,11727259,ak0239qp1aq4
2023-07-31,11727262,ak0239qp2fo2
2023-07-31,11727280,ak0239qpqmh9
2023-07-31,11727379,ak0239qvl3dp
2023-07-31,11727425,ak0239qwnusw
2023-07-31,11727468,ak0239qwyqyv
2023-07-31,11727481,ak0239qxddbb
2023-07-31,11727527,ak0239qy5tni
2023-07-31,11727564,ak0239qz7z82
2023-07-31,11727566,ak0239qz8p6f
2023-07-31,11727575,ak0239qzbmym
2023-07-31,11727869,us6000kwwl
2023-07-31,11731508,ak0239qxe6d4
2023-08-01,11727660,ak0239sa6z5d
2023-08-01,11727669,ak0239sacfj7
2023-08-01,11727682,ak0239sasd1y
2023-08-01,11727694,ak0239saxy95
2023-08-01,11727704,ak0239sbdkmr
2023-08-01,11727707,ak0239sbirif
2023-08-01,11727763,ak0239setuyz
2023-08-01,11727781,us6000kx0p
2023-08-01,11727791,ak0239sg1586
2023-08-01,11727822,ak0239shuyez
2023-08-01,11727827,ak0239shv0lw
2023-08-01,11727830,ak0239shyur6
2023-08-01,11728005,ak0239slew29
2023-08-01,11728125,ak0239smqrll
2023-08-01,11728163,ak0239snfnx2
2023-08-01,11731829,ak0239smve9d
2023-08-01,11731833,ak0239skiju7
2023-08-02,11728238,ak0239tzk1v5
2023-08-02,11728247,ak0239u012ag
2023-08-02,11728279,ak0239u1vvm3
2023-08-02,11728284,ak0239u21m6r
2023-08-02,11728290,ak0239u2hhso
2023-08-02,11728345,ak0239u4zymi
2023-08-02,11728368,ak0239u5idrb
2023-08-02,11728394,us6000kxbf
2023-08-02,11728395,ak0239u65je0
2023-08-02,11728445,ak0239u6od9a
2023-08-02,11728472,ak0239u7es3z
2023-08-02,11728514,ak0239u7war1
2023-08-02,11728584,ak0239ua8rns
2023-08-02,11728625,us6000kx7r
2023-08-02,11728627,ak0239uaxhpi
2023-08-02,11728628,ak0239uay514
2023-08-02,11728631,ak0239uaysow
2023-08-02,11732606,ak0239u5hdaw
2023-08-02,11733240,ak0239uac8ux
2023-08-03,11728645,ak0239vkpm8i
2023-08-03,11728667,ak0239vlvvei
2023-08-03,11728697,ak0239vn6002
2023-08-03,11728708,ak0239vnpr8v
2023-08-03,11728720,ak0239vocnsc
2023-08-03,11728803,ak0239vsfg5j
2023-08-03,11728838,ak0239vt8de0
2023-08-03,11728852,ak0239vtp25z
2023-08-03,11728879,ak0239vuf2x4
2023-08-03,11728918,us6000kxme
2023-08-03,11728940,ak0239vxdtm6
2023-08-03,11728956,ak0239vyb0x5
2023-08-03,11733260,ak0239vqidpd
2023-08-03,11733261,ak0239vqi941
2023-08-03,11733810,ak0239vvxh3e
2023-08-03,11733811,ak0239vvwd84
2023-08-03,11733812,ak0239vvw6os
2023-08-03,11733821,ak0239vuapb9
2023-08-03,11733831,ak0239vwjrn8
2023-08-03,11734150,ak0239vn91ge
2023-08-03,11734157,ak0239vn5bam
2023-08-04,11729008,ak0239x8raeo
2023-08-04,11729020,ak0239x9em32
2023-08-04,11729053,ak0239xar9ha
2023-08-04,11729061,ak0239xbefzt
2023-08-04,11729062,ak0239xbcw93
2023-08-04,11729064,ak0239xbq6v6
2023-08-04,11729085,ak0232r9qf5pg
2023-08-04,11729096,ak0239xe1j60
2023-08-04,11729101,ak0239xe7cs3
2023-08-04,11729141,ak0239xgoij0
2023-08-04,11729241,ak0239xkn1sv
2023-08-04,11729265,ak0239xl7e8r
2023-08-04,11729271,us6000kxrs
2023-08-04,11733368,ak0239x87k5d
2023-08-04,11733380,ak0239x9iwsi
2023-08-04,11733382,ak0239x8u8md
2023-08-04,11733889,ak0239xe34ao
2023-08-04,11733894,ak0239xdipyv
2023-08-05,11729311,ak0239yvttfv
2023-08-05,11729333,ak0239ywtxxk
2023-08-05,11729336,ak0239ywikn4
2023-08-05,11729350,ak0239yxk1ce
2023-08-05,11729365,ak0239yy0l9y
2023-08-05,11729415,ak0239yzagn8
2023-08-05,11729417,ak0239yzatis
2023-08-05,11729428,ak0239yzzary
2023-08-05,11729432,ak0239z0hgk9
2023-08-05,11729462,ak0239z2hckg
2023-08-05,11729487,ak0239z43tnb
2023-08-05,11729515,ak0239z6kcxn
2023-08-05,11729554,ak0239z7jfxu
2023-08-05,11729580,ak0239z8whwa
2023-08-05,11729582,ak0239z926i0
2023-08-05,11729583,ak0239z9ckna
2023-08-05,11734243,ak0239yybu0x
2023-08-05,11734246,ak0239yx44h8
2023-08-05,11734252,ak0239yzihgg
2023-08-05,11734407,ak0239z8838c
2023-08-05,11734409,ak0239z6ebbp
2023-08-05,11734413,ak0239z84n3e
2023-08-05,11734417,ak0239z7r02n
2023-08-05,11734419,ak0239z7kjzy
2023-08-06,11729594,ak023a0j9eo0
2023-08-06,11729595,ak023a0jcez3
2023-08-06,11729629,ak023a0ljv1j
2023-08-06,11729652,ak023a0mv0h6
2023-08-06,11729665,ak023a0o3f3t
2023-08-06,11729666,ak023a0o405p
2023-08-06,11729668,ak023a0oji3y
2023-08-06,11729671,ak023a0opngn
2023-08-06,11729685,ak023a0pvw0k
2023-08-06,11729701,ak023a0qyos7
2023-08-06,11729712,ak023a0rnldk
2023-08-06,11729728,ak023a0sfgq9
2023-08-06,11729742,ak023a0tjysh
2023-08-06,11729764,us6000kybs
2023-08-06,11729768,ak023a0vpiqo
2023-08-06,11729780,ak023a0wd3b9
2023-08-06,11734184,ak023a0p9g8z
2023-08-06,11734185,ak023a0p657h
2023-08-06,11734299,ak023a0jz9j3
2023-08-06,11734340,ak023a0td1z6
2023-08-06,11734341,ak023a0tcx3b
2023-08-06,11734342,ak023a0wakjb
2023-08-06,11734355,ak023a0u5ua7
2023-08-07,11729811,ak023a27bqst
2023-08-07,11729812,ak023a27dbrd
2023-08-07,11729818,ak023a283ouv
2023-08-07,11729828,ak023a28n4jn
2023-08-07,11729896,ak023a2e4ag7
2023-08-07,11729927,ak023a2foz22
2023-08-07,11729976,ak023a2h4mv0
2023-08-07,11729983,ak023a2hge9u
2023-08-07,11730209,ak023a2jzxv1
2023-08-07,11730217,ak023a2ixcj2
2023-08-07,11730219,ak023a2iwn4a
2023-08-07,11734398,ak023a2fr1g5
2023-08-07,11735183,ak023a27xplb
2023-08-07,11735193,ak023a26zmn4
2023-08-07,11735200,ak023a2avcvo
2023-08-07,11735798,us6000kyi4
2023-08-07,11735855,ak023a2i298m
2023-08-07,11735862,ak023a2gus98
2023-08-07,11735864,ak023a2kebao
2023-08-07,11735865,ak023a2jycrx
2023-08-07,11735869,ak023a2je2co
2023-08-07,11735871,ak023a2iyekm
2023-08-07,11735873,ak023a2it7jw
2023-08-07,11735875,ak023a2ip3vr
2023-08-08,11730054,ak023a44ljje
2023-08-08,11730083,ak023a423iri
2023-08-08,11730104,ak023a40dz4k
2023-08-08,11730136,ak023a3ynvsk
2023-08-08,11730143,ak023a3yfbs6
2023-08-08,11730161,ak023a3w4c5t
2023-08-08,11730164,ak023a3vqwoj
2023-08-08,11730174,ak023a3vgz9l
2023-08-08,11730188,us6000kyjh
2023-08-08,11736196,ak023a3uheh9
2023-08-08,11736209,ak023a3wo1ax
2023-08-08,11736210,ak023a3wc41q
2023-08-08,11736211,ak023a3vr4ko
2023-08-08,11736212,ak023a3vqn58
2023-08-08,11736224,ak023a3y15xm
2023-08-08,11736534,ak023a43ibvd
2023-08-08,11736535,ak023a43fy94
2023-08-08,11736541,ak023a42s918
2023-08-08,11736549,ak023a411v48
2023-08-08,11736556,ak023a407cls
2023-08-08,11736562,ak023a3z6j97
2023-08-08,11736563,ak023a3z2gh2
2023-08-09,11730458,ak023a5hvtir
2023-08-09,11730480,ak023a5izjpx
2023-08-09,11730559,ak023a5lzheq
2023-08-09,11730586,ak023a5na9tc
2023-08-09,11730611,ak023a5o29my
2023-08-09,11730629,ak023a5ox810
2023-08-09,11730665,ak023a5qda2c
2023-08-09,11730711,ak023a5r1nvd
2023-08-09,11730713,ak023a5rc6km
2023-08-09,11730720,ak023a5rbjmt
2023-08-09,11730821,ak023a5tzcz3
2023-08-09,11730835,ak023a5uhcu7
2023-08-09,11730841,ak023a5ulx1o
2023-08-09,11736658,ak023a5ofug9
2023-08-09,11736671,ak023a5quub3
2023-08-09,11736672,ak023a5qda7d
2023-08-09,11736678,ak023a5p3rep
2023-08-10,11730918,ak023a75ead3
2023-08-10,11730972,ak023a75wso9
2023-08-10,11730981,ak023a765dg5
2023-08-10,11730983,ak023a77doie
2023-08-10,11731008,ak023a78gqs1
2023-08-10,11731031,ak023a7a4hpj
2023-08-10,11731085,ak023a7ds9th
2023-08-10,11731096,ak023a7e9vtm
2023-08-10,11731098,ak023a7eb6um
2023-08-10,11731163,ak023a7fp4x3
2023-08-10,11731215,ak023a7he5u6
2023-08-10,11731254,ak023a7ihezd
2023-08-10,11731326,ak023a7e906t
2023-08-10,11736992,ak023a76imbb
2023-08-10,11737001,ak023a79mxto
2023-08-10,11737013,ak023a75i0b2
2023-08-10,11737140,ak023a7fgias
2023-08-11,11731309,ak023a8t080v
2023-08-11,11731322,ak023a8t6pmh
2023-08-11,11731333,ak023a8tqn7k
2023-08-11,11731334,ak023a8tr396
2023-08-11,11731344,ak023a8u6ekj
2023-08-11,11731347,ak023a8u7xcu
2023-08-11,11731348,ak023a8u9232
2023-08-11,11731349,ak023a8ub5i2
2023-08-11,11731363,ak023a8v8fku
2023-08-11,11731379,ak023a8w0hnm
2023-08-11,11731383,ak023a8wgrd8
2023-08-11,11731405,ak023a8xq5yn
2023-08-11,11731422,ak023a8z13l3
2023-08-11,11731435,ak023a9043pk
2023-08-11,11731442,ak023a90c49l
2023-08-11,11731463,ak023a91b1jc
2023-08-11,11731467,ak023a91bmgs
2023-08-11,11731476,ak023a91usow
2023-08-11,11731537,ak023a9364e3
2023-08-11,11731658,ak023a94fylo
2023-08-11,11731710,ak023a95gmfp
2023-08-11,11736923,ak023a905g2i
2023-08-11,11736928,ak023a8y7f0x
2023-08-11,11736930,ak023a8xr3nk
2023-08-11,11737105,ak023a8th71z
2023-08-11,11737111,ak023a8vj6ip
2023-08-11,11737115,ak023a8u5kgv
2023-08-11,11737472,ak023a933rn8
2023-08-11,11737477,ak023a96kb7p
2023-08-11,11737478,ak023a96k23e
2023-08-12,11731854,ak023aaiuozo
2023-08-12,11731863,ak023aajdevl
2023-08-12,11731996,ak023aasywso
2023-08-12,11735446,ak023aat11nz
2023-08-12,11735450,ak023aasiezy
2023-08-12,11735462,ak023aau6uim
2023-08-12,11735463,ak023aau6fw3
2023-08-12,11735465,ak023aatkihy
2023-08-12,11737681,ak023aahobnm
2023-08-12,11737682,ak023aah4z4j
2023-08-12,11737690,ak023aaiiikr
2023-08-12,11737691,ak023aaig6pv
2023-08-12,11737692,ak023aai7sde
2023-08-12,11737693,ak023aahberl
2023-08-12,11737695,ak023aah1zne
2023-08-12,11737705,ak023aajlieg
2023-08-12,11737706,ak023aajkos6
2023-08-12,11737753,ak023aann3zy
2023-08-12,11737756,ak023aamfrdi
2023-08-12,11737758,ak023aalurrl
2023-08-12,11737759,ak023aalty17
2023-08-12,11737769,ak023aaoxt4q
2023-08-12,11737771,ak023aaoey0w
2023-08-13,11732039,ak023ac5ccdh
2023-08-13,11732050,ak023ac61nk3
2023-08-13,11732070,ak023ac72bah
2023-08-13,11732096,ak023ac8y1s1
2023-08-13,11732098,ak023ac9f54r
2023-08-13,11732116,ak023acaqrzu
2023-08-13,11732134,ak023acbrlcu
2023-08-13,11732144,ak023acc9e9g
2023-08-13,11732150,ak023accdqzg
2023-08-13,11732153,ak023accumc9
2023-08-13,11732163,ak023acd6nyu
2023-08-13,11732176,ak023ace6gzo
2023-08-13,11732188,ak023acet6m6
2023-08-13,11732240,ak023acgrizu
2023-08-13,11737174,ak023ac7typt
2023-08-13,11737646,ak023acb8tci
2023-08-13,11737651,ak023acam9nu
2023-08-13,11737658,ak023acd78zp
2023-08-13,11737663,ak023acccu2h
2023-08-13,11737666,ak023acbdq9f
2023-08-13,11738998,ak023acenei9
2023-08-13,11739012,ak023acdr6kq
2023-08-13,11739017,ak023achm4ys
2023-08-13,11739026,ak023acevxbn
2023-08-13,11739029,ak023achr0h0
2023-08-14,11732263,ak023adrom9f
2023-08-14,11732284,ak023adtac4d
2023-08-14,11732304,ak023adukk9s
2023-08-14,11732314,ak023adv61ft
2023-08-14,11732318,ak023advac8h
2023-08-14,11732373,ak023adyb8vu
2023-08-14,11732383,ak023adz89ml
2023-08-14,11732390,ak023adzdqwo
2023-08-14,11732393,ak023adzf313
2023-08-14,11732512,ak023ae3nmd0
2023-08-14,11732514,ak023ae3nf1z
2023-08-14,11732552,us6000kzz0
2023-08-14,11732567,ak023ae57u9u
2023-08-14,11737616,ak023aduow0x
2023-08-14,11737620,ak023adsof1w
2023-08-14,11737621,ak023adsaixc
2023-08-14,11737622,ak023adri0xq
2023-08-14,11738491,ak023ae0m6bl
2023-08-14,11738499,ak023ae0q9zt
2023-08-14,11738504,ak023adyy40j
2023-08-14,11739569,ak023ae5fcaj
2023-08-15,11732700,ak023afhzwpt
2023-08-15,11732707,ak023afi8t9g
2023-08-15,11732722,ak023afj8v0u
2023-08-15,11732726,ak023afj8uxs
2023-08-15,11732751,ak023afk16i7
2023-08-15,11732763,ak023afkiz8w
2023-08-15,11732766,ak023afkjl1t
2023-08-15,11732787,ak023afl7ffy
2023-08-15,11732789,ak023afl7sqs
2023-08-15,11732797,ak023aflmeqa
2023-08-15,11732855,ak023afo1046
2023-08-15,11732898,ak023afp7wre
2023-08-15,11732951,ak023afqkqmw
2023-08-15,11732965,ak023afr234u
2023-08-15,11732996,ak023afrsad5
2023-08-15,11733030,ak023afsvada
2023-08-15,11739295,ak023afiktip
2023-08-15,11739297,ak023afhzlsc
2023-08-15,11739309,ak023afjabjz
2023-08-15,11739310,ak023afivfoz
2023-08-15,11739520,ak023afmeqnw
2023-08-15,11739523,ak023aflse32
2023-08-15,11739525,ak023afl9zu0
2023-08-15,11739533,ak023afo5ajy
2023-08-15,11740224,ak023afonht5
2023-08-15,11740225,ak023afojnmw
2023-08-15,11740230,ak023afr7gll
2023-08-16,11733058,ak023ah2toz9
2023-08-16,11733078,ak023ah3th58
2023-08-16,11733101,ak023ah52x8y
2023-08-16,11733136,ak023ah6sujh
2023-08-16,11733143,ak023ah703h1
2023-08-16,11733158,ak023ah7ij5h
2023-08-16,11733188,ak023ah9zcn5
2023-08-16,11733329,ak023ahdxw0h
2023-08-16,11733356,ak023aheqaue
2023-08-16,11737793,ak023ah8j02w
2023-08-16,11738653,ak023ahf8lul
2023-08-16,11738654,ak023ahdbshn
2023-08-17,11733610,ak023aiwo8mp
2023-08-17,11733686,ak023aizns4k
2023-08-17,11733733,ak023aj0bg0y
2023-08-17,11733777,ak023aj145m6
2023-08-17,11733840,ak023aj1qdtp
2023-08-17,11738110,ak023air9v9k
2023-08-17,11738819,ak023aiwwlsw
2023-08-17,11738823,ak023aivmkdc
2023-08-17,11738834,ak023aiy37eu
2023-08-17,11739070,ak023aj0w5oa
2023-08-17,11739077,ak023aj24q9f
2023-08-17,11739078,ak023aj1lybi
2023-08-18,11734013,ak023akg8u34
2023-08-18,11734023,ak023akglxui
2023-08-18,11734025,ak023akgmltq
2023-08-18,11734040,ak023akh74ny
2023-08-18,11734044,ak023akh9j8c
2023-08-18,11734129,ak023akmocqb
2023-08-18,11734222,ak023aknuy2m
2023-08-18,11734303,ak023akpjmab
2023-08-18,11734321,ak023akq3yaw
2023-08-18,11739350,ak023akglxy5
2023-08-18,11739352,ak023akebfdv
2023-08-18,11739360,ak023akht7jc
2023-08-18,11739587,ak023akpo2ir
2023-08-18,11739990,ak023akja737
2023-08-19,11734509,ak023am3kaar
2023-08-19,11734512,ak023am3osiq
2023-08-19,11734537,ak023am5zisp
2023-08-19,11734539,ak023am65228
2023-08-19,11734577,ak023am9jexe
2023-08-19,11734598,ak023ama9fxd
2023-08-19,11734626,ak023amc5crs
2023-08-19,11734648,ak023ameeloz
2023-08-19,11734649,ak023ameeyqx
2023-08-19,11734655,ak023amezprx
2023-08-19,11739857,ak023am2ewf1
2023-08-19,11739861,ak023am1wgfo
2023-08-19,11740580,ak023am79dw7
2023-08-19,11740585,ak023am66qw1
2023-08-19,11740592,ak023am8ljv9
2023-08-19,11740593,ak023am8jtf9
2023-08-19,11741156,ak023amcq46t
2023-08-19,11741158,ak023amckyrt
2023-08-19,11741164,ak023ameecp9
2023-08-20,11734690,ak023anpwkvj
2023-08-20,11734698,ak023anq5gyx
2023-08-20,11734706,ak023anr3vhz
2023-08-20,11734739,ak023ansedpq
2023-08-20,11734791,ak023anvva11
2023-08-20,11734802,ak023anwiety
2023-08-20,11734818,ak023anxnls6
2023-08-20,11734834,ak023anyj4qk
2023-08-20,11734851,ak023anzph3j
2023-08-20,11734870,ak023ao0x9zm
2023-08-20,11734876,ak023ao1cpxw
2023-08-20,11734961,ak023ao2ixbe
2023-08-20,11739943,ak023anovo2n
2023-08-20,11740175,ak023anvzkfb
2023-08-20,11740179,ak023anwqjtf
2023-08-20,11740180,ak023anwgxqr
2023-08-20,11740271,ak023ao01393
2023-08-20,11740275,ak023ao1tgoq
2023-08-20,11740288,ak023anwif1z
2023-08-21,11734989,ak023apck7dt
2023-08-21,11735101,ak023aph9mec
2023-08-21,11735124,ak023apj07qc
2023-08-21,11735227,ak023apl64ss
2023-08-21,11735264,ak023aplyupo
2023-08-21,11735276,ak023apmk88z
2023-08-21,11735339,ak023apnsrgi
2023-08-21,11740347,ak023apg42zj
2023-08-21,11740354,ak023apeqdjh
2023-08-21,11740356,ak023apecvea
2023-08-21,11740366,ak023apgfv0v
2023-08-21,11740367,ak023apg4y4q
2023-08-21,11740410,ak023appe30f
2023-08-21,11741893,ak023api9i26
2023-08-21,11741906,ak023aphp608
2023-08-21,11741922,ak023aplba2f
2023-08-21,11741923,ak023apl9qjq
2023-08-21,11741925,ak023api9q8l
2023-08-22,11735495,ak023aqzuyfl
2023-08-22,11735673,ak023ar4rsd8
2023-08-22,11735697,ak023ar6e1ft
2023-08-22,11735733,ak023ar7i47f
2023-08-22,11735742,ak023ar7p59a
2023-08-22,11735743,ak023ar7p1d7
2023-08-22,11735800,ak023ar9kvho
2023-08-22,11735948,ak023arbzy7x
2023-08-22,11735969,ak023archi9u
2023-08-22,11741372,ak023ar01pz8
2023-08-22,11741388,ak023ar031ai
2023-08-23,11736154,ak023asncilv
2023-08-23,11736181,ak023aso3qo6
2023-08-23,11736189,ak023asoiihn
2023-08-23,11736244,ak023asp5wza
2023-08-23,11736259,ak023aspdmmx
2023-08-23,11736262,ak023aspoakw
2023-08-23,11736278,ak023aspxdjz
2023-08-23,11736340,ak023asseh71
2023-08-23,11736346,ak023assqk90
2023-08-23,11736392,ak023asu4hj0
2023-08-23,11736414,ak023asurnyl
2023-08-23,11736595,ak023asybefb
2023-08-23,11736639,ak023aszeel1
2023-08-23,11736742,ak023at197l4
2023-08-23,11736748,ak023at1arbu
2023-08-23,11739249,us7000kq9a
2023-08-24,11736123,ak023aujuibq
2023-08-24,11736124,ak023aui0esk
2023-08-24,11736759,ak023auavg0c
2023-08-24,11736763,ak023auay80x
2023-08-24,11736819,ak023auca9cj
2023-08-24,11736909,ak023aukgz6w
2023-08-24,11737016,ak023aulr13s
2023-08-24,11737034,ak023aum7sun
2023-08-24,11737039,ak023aumd4ch
2023-08-24,11737090,ak023aunnwre
2023-08-24,11737239,ak023aufqd9s
2023-08-24,11742203,ak023aub1g3z
2023-08-24,11742558,ak023aukfwyr
2023-08-24,11742907,ak023aujarze
2023-08-24,11742909,ak023auil8pn
2023-08-25,11737233,ak023avzrgqc
2023-08-25,11737278,ak023aw0y47e
2023-08-25,11737353,ak023aw3z94b
2023-08-25,11737361,ak023aw4yf22
2023-08-25,11737366,ak023aw54srd
2023-08-25,11737374,ak023aw5mbdk
2023-08-25,11737396,ak023aw6prci
2023-08-25,11737543,ak023aw9xa7e
2023-08-25,11737729,ak023awcc4xj
2023-08-25,11742813,ak023aw2tmgx
2023-08-25,11742825,ak023aw2or5z
2023-08-25,11742828,ak023aw251lj
2023-08-25,11742830,ak023aw1hubs
2023-08-25,11742941,ak023aw6btpf
2023-08-25,11743032,ak023aw8okfe
2023-08-25,11743040,ak023awb75l0
2023-08-25,11743048,ak023awbqyi0
2023-08-25,11743049,ak023awb29rd
2023-08-25,11743054,ak023aw9zb2r
2023-08-25,11743057,ak023aw9c42v
2023-08-26,11737813,ak023axn7bzj
2023-08-26,11737867,ak023axp80yk
2023-08-26,11737889,ak023axrccyg
2023-08-26,11737921,ak023axtouoy
2023-08-26,11737950,ak023axv4eil
2023-08-26,11737951,ak023axv4q15
2023-08-26,11737977,ak023axx979i
2023-08-26,11737983,ak023axxhya7
2023-08-26,11743078,ak023axm7sej
2023-08-27,11738053,ak023azbcctu
2023-08-27,11738062,ak023azbvn35
2023-08-27,11738070,ak023azc4806
2023-08-27,11738142,ak023azfnsh8
2023-08-27,11738148,ak023azg3g4g
2023-08-27,11738151,ak023azg5evm
2023-08-27,11738171,ak023azgufp3
2023-08-27,11738230,ak023azj7czu
2023-08-27,11738244,ak023azke53r
2023-08-27,11743412,ak023azkg2bp
2023-08-27,11743419,ak023azn87vn
2023-08-27,11743421,ak023azmt7tm
2023-08-27,11743422,ak023azm0heb
2023-08-27,11743423,ak023azliie6
2023-08-27,11743430,ak023aznbs2d
2023-08-27,11743547,ak023azip1sf
2023-08-27,11743867,ak023azby00r
2023-08-28,11738364,ak023b0zedyn
2023-08-28,11738434,ak023b136ixp
2023-08-28,11738437,ak023b13jdjn
2023-08-28,11738508,ak023b15gthm
2023-08-28,11738509,ak023b15i1hm
2023-08-28,11738541,ak023b178a0u
2023-08-28,11738682,us7000krp4
2023-08-28,11743995,ak023b100v5g
2023-08-28,11743996,ak023b0zedyj
2023-08-28,11744047,ak023b19szla
2023-08-28,11745758,ak023b15mriw
2023-08-28,11745762,ak023b122zwy
2023-08-28,11745763,ak023b11z4uq
2023-08-28,11745781,ak023b14ztq7
2023-08-28,11745785,ak023b148v6t
2023-08-29,11738726,ak023b2kpxoe
2023-08-29,11738751,ak023b2ltevz
2023-08-29,11738759,ak023b2lyigc
2023-08-29,11738768,ak023b2mhg5f
2023-08-29,11738789,ak023b2npnfu
2023-08-29,11738793,ak023b2o5aky
2023-08-29,11738795,ak023b2o9ct3
2023-08-29,11738869,ak023b2rdedz
2023-08-29,11738872,ak023b2ru5uz
2023-08-29,11738879,ak023b2sdm3a
2023-08-29,11738898,ak023b2sxe9o
2023-08-29,11739088,ak023b2xyg6p
2023-08-29,11744440,ak023b2kknsj
2023-08-29,11744444,ak023b2nsjue
2023-08-29,11744449,ak023b2mfrso
2023-08-29,11744450,ak023b2lu2zn
2023-08-29,11744454,ak023b2oe94e
2023-08-29,11744694,ak023b2rrq47
2023-08-29,11744709,ak023b2t3th8
2023-08-30,11739228,ak023b4ftdqx
2023-08-30,11739234,ak023b4fzkgq
2023-08-30,11739239,ak023b4g0lz6
2023-08-30,11739257,ak023b4ghs2x
2023-08-30,11739326,ak023b4hahcm
2023-08-30,11739417,us7000ks64
2023-08-30,11739651,ak023b4k4xch
2023-08-30,11744133,ak023b4alxrl
2023-08-30,11744138,ak023b48xy95
2023-08-30,11744142,ak023b48as1r
2023-08-30,11744144,ak023b485pp7
2023-08-30,11744153,ak023b4as9v3
2023-08-30,11744479,ak023b4fbzei
2023-08-30,11744483,ak023b4g4y1o
2023-08-30,11744894,ak023b4jm1uk
2023-08-30,11744903,ak023b4jps2b
2023-08-30,11744915,ak023b4k43t3
2023-08-30,11744917,ak023b4k1p35
2023-08-31,11739877,ak023b661ppi
2023-08-31,11739883,ak023b66bu4u
2023-08-31,11739905,ak023b670142
2023-08-31,11739932,ak023b67s4r1
2023-09-01,11740143,ak023b7r3scx
2023-09-01,11740200,ak023b7t9lly
2023-09-01,11740257,ak023b7ukpkk
2023-09-01,11740287,ak023b7vanz0
2023-09-01,11744961,ak023b7l9r4l
2023-09-01,11744963,ak023b7kwzzv
2023-09-01,11744994,ak023b7r4eri
2023-09-01,11744997,ak023b7p735p
2023-09-02,11740472,ak023b9bqydk
2023-09-02,11740517,ak023b9dzzf4
2023-09-02,11740607,ak023b9inrjd
2023-09-02,11740650,ak023b9ko5k1
2023-09-02,11745200,ak023b9k2kyb
2023-09-02,11745203,ak023b9im903
2023-09-02,11745297,ak023b9cd86s
2023-09-02,11745300,ak023b9bm0zo
2023-09-02,11745632,ak023b99ako2
2023-09-02,11745641,ak023b9azyko
2023-09-03,11740668,ak023bauww1h
2023-09-03,11740685,ak023baw0mwn
2023-09-03,11740741,ak023bayin68
2023-09-03,11740762,ak023baztkuz
2023-09-03,11740789,ak023bb1pa3c
2023-09-03,11740835,ak023bb40eht
2023-09-03,11740850,ak023bb51hlm
2023-09-03,11740856,ak023bb57pi0
2023-09-03,11740882,ak023bb6xgms
2023-09-03,11745567,ak023bauxzzz
2023-09-03,11745585,ak023baz65kv
2023-09-03,11745594,ak023bb1zdnu
2023-09-03,11745603,ak023baz98x2
2023-09-03,11745605,ak023bb3a23r
2023-09-03,11745707,ak023bb7xx7z
2023-09-04,11740923,ak023bcjkkun
2023-09-04,11740928,ak023bcjtjpp
2023-09-04,11740983,ak023bclhsi2
2023-09-04,11741029,ak023bcoc1ph
2023-09-04,11741047,ak023bcpt0b3
2023-09-04,11741048,ak023bcq2w55
2023-09-04,11741059,ak023bcqr0j0
2023-09-04,11741067,ak023bcqz8tg
2023-09-04,11741072,ak023bcr08h4
2023-09-04,11741187,ak023bcv65nw
2023-09-04,11746003,ak023bcinjoh
2023-09-04,11746012,ak023bckh5qp
2023-09-04,11746414,ak023bcrivmb
2023-09-05,11741214,ak023be5alvb
2023-09-05,11741215,ak023be5aqss
2023-09-05,11741249,ak023be65sub
2023-09-05,11741291,ak023be7rg6l
2023-09-05,11741302,ak023be899cz
2023-09-05,11741306,ak023be8d7d8
2023-09-05,11741332,ak023be9qxdf
2023-09-05,11741345,ak023beawv43
2023-09-05,11741355,ak023bebgmhd
2023-09-05,11741366,ak023bec3byl
2023-09-05,11741368,ak023bec5f1y
2023-09-05,11741395,ak023becmk6s
2023-09-05,11741398,ak023bed0tqo
2023-09-05,11741399,ak023bed3yv2
2023-09-05,11741640,ak023bej530m
2023-09-05,11746088,ak023be8i1yh
2023-09-05,11746806,ak023bean86n
2023-09-05,11746808,ak023bea4z91
2023-09-05,11746821,ak023bea744k
2023-09-05,11746925,ak023bej3nto
2023-09-06,11741655,ak023bfticy5
2023-09-06,11741676,ak023bfu8h2c
2023-09-06,11741685,ak023bfurapz
2023-09-06,11741697,ak023bfuwody
2023-09-06,11741710,ak023bfvdlyr
2023-09-06,11741749,ak023bfx97pk
2023-09-06,11741785,ak023bfzj8si
2023-09-06,11741794,ak023bfzzhne
2023-09-06,11741826,ak023bg1weip
2023-09-06,11741928,ak023bg34gxf
2023-09-06,11742164,ak023bg6sqkw
2023-09-06,11746322,ak023bfvcedc
2023-09-06,11746324,ak023bfubi4v
2023-09-06,11746326,ak023bfu3lb0
2023-09-06,11747217,ak023bfxlm81
2023-09-06,11747225,ak023bfzfrsz
2023-09-06,11747581,ak023bg2ow1a
2023-09-06,11747594,ak023bg3ts6b
2023-09-06,11747595,ak023bg6qc83
2023-09-07,11742240,ak023bhho4t1
2023-09-07,11742259,ak023bhirtm4
2023-09-07,11742282,ak023bhjin5p
2023-09-07,11742289,ak023bhk08u6
2023-09-07,11742329,ak023bhlr9dn
2023-09-07,11742339,ak023bhlw02w
2023-09-07,11742422,ak023bhoytd2
2023-09-07,11742447,ak023bhpyxar
2023-09-07,11742449,ak023bhq0ayj
2023-09-07,11742510,ak023bhrwsup
2023-09-07,11742521,ak023bhscokt
2023-09-07,11742527,ak023bhqtkuj
2023-09-07,11742563,ak023bht6h4t
2023-09-07,11742573,ak023bhtpenv
2023-09-07,11747295,ak023bhmbzs6
2023-09-07,11747303,ak023bhl8u84
2023-09-07,11747331,ak023bhsvmq6
2023-09-07,11747334,ak023bhqjcwn
2023-09-07,11747741,ak023bhhwa7s
2023-09-07,11747742,ak023bhhsb5m
2023-09-07,11747747,ak023bhh1847
2023-09-07,11747761,ak023bhjfl69
2023-09-08,11742622,ak023bj43wls
2023-09-08,11742646,ak023bj4mhxo
2023-09-08,11742676,ak023bj6k6kb
2023-09-08,11742686,ak023bj75915
2023-09-08,11742692,ak023bj7j6vf
2023-09-08,11742701,ak023bj84zq1
2023-09-08,11742761,ak023bjbe0yu
2023-09-08,11742767,ak023bjbrb9t
2023-09-08,11742786,ak023bjcgn7a
2023-09-08,11742822,ak023bjdkvln
2023-09-08,11742870,ak023bje53cz
2023-09-08,11742880,ak023bjec3nk
2023-09-08,11743116,ak023bjhoco2
2023-09-08,11743124,ak023bjhsl5l
2023-09-08,11746950,ak023bjf8wdf
2023-09-08,11746968,ak023bjgpvjz
2023-09-08,11747599,ak023bj43832
2023-09-08,11747686,ak023bjd409e
2023-09-08,11747687,ak023bjd04eg
2023-09-09,11743178,ak023bks8h12
2023-09-09,11743205,ak023bktfsmr
2023-09-09,11743212,ak023bktxdjd
2023-09-09,11743232,ak023bkuqa6s
2023-09-09,11743273,ak023bkx215x
2023-09-09,11743276,ak023bkx4g9b
2023-09-09,11743434,ak023bl4tqu9
2023-09-09,11747719,ak023bl0kj33
2023-09-09,11747725,ak023bkxj64b
2023-09-09,11747975,ak023bl153yl
2023-09-09,11747986,ak023bl2d6z6
2023-09-09,11747987,ak023bl26efr
2023-09-09,11748116,ak023bkst1qi
2023-09-09,11748120,ak023bkva1ck
2023-09-10,11743455,ak023bmf9c2m
2023-09-10,11743471,ak023bmfum6e
2023-09-10,11743575,ak023bml41ig
2023-09-10,11743588,us7000kutk
2023-09-10,11743602,ak023bmnf91w
2023-09-10,11743624,ak023bmp6960
2023-09-10,11743652,ak023bmonksh
2023-09-10,11743655,ak023bmr0onl
2023-09-10,11743666,ak023bmr674p
2023-09-10,11743690,ak023bmrstio
2023-09-10,11743695,ak023bms7e6s
2023-09-10,11743697,ak023bms8o5t
2023-09-10,11743779,ak023bmswt8w
2023-09-10,11748073,ak023bmijiea
2023-09-10,11748078,ak023bmhyfph
2023-09-10,11748079,ak023bmhy8jb
2023-09-10,11748082,ak023bmgwkb7
2023-09-10,11748083,ak023bmgv8jl
2023-09-10,11748088,ak023bmj6kci
2023-09-10,11748143,ak023bmne7bk
2023-09-10,11748144,ak023bmm71o3
2023-09-10,11748892,ak023bms2syg
2023-09-10,11748895,ak023bmqih1d
2023-09-10,11748896,ak023bmpyk1k
2023-09-11,11743720,ak023bo2k6wl
2023-09-11,11743786,ak023bo54pnj
2023-09-11,11743796,ak023bo64st8
2023-09-11,11743800,ak023bo68cpe
2023-09-11,11743905,ak023bob4igc
2023-09-11,11743930,ak023bocaun4
2023-09-11,11743935,ak023bocooo7
2023-09-11,11743960,ak023bodcq27
2023-09-11,11744029,ak023boejdod
2023-09-11,11744057,ak023boc82mv
2023-09-11,11744160,ak023bogcawi
2023-09-11,11748295,ak023bof3jka
2023-09-11,11749100,ak023boad5t7
2023-09-11,11749101,ak023bo9vane
2023-09-11,11749103,ak023bo9plfq
2023-09-11,11749302,ak023bo4w5yz
2023-09-11,11749307,ak023bo354a1
2023-09-11,11749316,ak023bo6wt73
2023-09-11,11749317,ak023bo6tza9
2023-09-11,11749323,ak023bo3bd8j
2023-09-11,11749326,ak023bo2rl56
2023-09-11,11749333,ak023bo4br7t
2023-09-11,11749341,ak023bo6bs0c
2023-09-12,11744204,ak023bprcawo
2023-09-12,11744210,ak023bpq55jf
2023-09-12,11744216,ak023bps2wxl
2023-09-12,11744228,ak023bpt5ml3
2023-09-12,11744284,ak023bpw4syv
2023-09-12,11744363,ak023bpyg5s7
2023-09-12,11744372,ak023bq0rlvy
2023-09-12,11744375,ak023bq0swk2
2023-09-12,11744496,us7000kvdm
2023-09-12,11744498,ak023bq36edi
2023-09-12,11744505,ak023bq3c7ux
2023-09-12,11744533,ak023bq41avo
2023-09-12,11749368,ak023bptsuhz
2023-09-12,11749370,ak023bpt3gwv
2023-09-12,11749542,ak023bq3ga2x
2023-09-13,11744566,ak023bret3vj
2023-09-13,11744580,ak023brf2h19
2023-09-13,11744588,ak023brfj64h
2023-09-13,11744624,ak023brgshca
2023-09-13,11744654,us7000kvgv
2023-09-13,11744664,ak023briy31b
2023-09-13,11744669,ak023brj59k2
2023-09-13,11744757,ak023brn6n1m
2023-09-13,11744766,ak023brnpnmm
2023-09-13,11749811,ak023brkwis6
2023-09-13,11749818,ak023brj49k6
2023-09-13,11749824,ak023brm0cmw
2023-09-13,11750188,ak023bret3x8
2023-09-13,11750442,ak023brp2mrs
2023-09-13,11750449,ak023brnbcns
2023-09-13,11750450,ak023brn8j2y
2023-09-13,11750451,ak023brn8e3n
2023-09-13,11750453,ak023brpr01t
2023-09-13,11750464,ak023brrd2gm
2023-09-14,11745087,ak023bt8yc44
2023-09-14,11745136,ak023btap51t
2023-09-14,11745149,ak023btazw3s
2023-09-14,11745151,ak023btbdbpa
2023-09-14,11745165,ak023btbyefs
2023-09-14,11745191,ak023btcnfm7
2023-09-14,11745240,ak023btef8mo
2023-09-14,11749893,ak023bt4wm6f
2023-09-14,11749896,ak023bt396bf
2023-09-14,11749899,ak023bt4q4kk
2023-09-14,11749901,ak023bt4c0k2
2023-09-14,11749911,ak023bt1ccer
2023-09-14,11750258,ak023btciyox
2023-09-14,11750263,ak023btas4ok
2023-09-14,11750267,ak023btek0kj
2023-09-14,11750276,ak023btdpbgv
2023-09-14,11750279,ak023bteuses
2023-09-14,11750835,ak023bt72lg7
2023-09-14,11750836,ak023bt6kmkj
2023-09-14,11750837,ak023bt6j3yi
2023-09-14,11750841,ak023bt8bl7j
2023-09-14,11750856,ak023bt96heu
2023-09-15,11745316,ak023bupk8a1
2023-09-15,11745327,ak023buq75yc
2023-09-15,11745332,ak023buqkvzy
2023-09-15,11745369,us7000kvx4
2023-09-15,11745372,ak023buubvu1
2023-09-15,11745375,ak023buunvs0
2023-09-15,11745408,ak023buwiptj
2023-09-15,11745675,ak023bv1akl1
2023-09-15,11749963,ak023buq5dv3
2023-09-15,11749980,ak023bupa65k
2023-09-15,11750407,ak023buuajft
2023-09-15,11750411,ak023butihu8
2023-09-15,11750412,ak023butgcre
2023-09-15,11750418,ak023bux3rzh
2023-09-15,11750427,ak023buv7f21
2023-09-16,11745747,ak023bwcdlo4
2023-09-16,11745790,ak023bwcir8q
2023-09-16,11745828,ak023bwfdoch
2023-09-16,11745836,ak023bwg1mn4
2023-09-16,11745839,ak023bwgfa5n
2023-09-16,11750681,ak023bwfsmee
2023-09-16,11750688,ak023bwe9has
2023-09-16,11750689,ak023bwe8iqw
2023-09-16,11750694,ak023bwge8c4
2023-09-16,11750695,ak023bwevsn8
2023-09-16,11751682,ak023bwiuz1y
2023-09-16,11751684,ak023bwhuqcj
2023-09-17,11746018,ak023by0zyys
2023-09-17,11746102,ak023by7hdja
2023-09-17,11746166,ak023bybqg3g
2023-09-17,11746182,ak023bycvzmo
2023-09-17,11750752,ak023by6wu8i
2023-09-17,11750976,ak023bycy6aj
2023-09-17,11751002,ak023by13zy7
2023-09-17,11751011,ak023bxztjc4
2023-09-17,11751019,ak023by1s22p
2023-09-17,11751020,ak023by1qsz4
2023-09-17,11751023,ak023by15b4s
2023-09-17,11751028,ak023by3lzo4
2023-09-17,11751029,ak023by3l5zv
2023-09-18,11746221,ak023bzp498u
2023-09-18,11746226,ak023bzpncus
2023-09-18,11746240,ak023bzqcp33
2023-09-18,11746245,ak023bzqw7a7
2023-09-18,11746255,ak023bzrgzak
2023-09-18,11746302,ak023bzuofxa
2023-09-18,11746343,ak023bzvlnpg
2023-09-18,11746349,ak023bzvr1o5
2023-09-18,11746368,ak023bzweedu
2023-09-18,11746391,ak023bzx2f0b
2023-09-18,11746535,ak023bzzzve9
2023-09-18,11751182,ak023bzr13w4
2023-09-18,11751714,ak023bzugxri
2023-09-18,11751717,ak023bzsug1r
2023-09-18,11751718,ak023bzsu1un
2023-09-18,11751719,ak023bzs9qbw
2023-09-18,11751722,ak023bzwhv2x
2023-09-18,11751726,ak023bzvr1pp
2023-09-18,11751828,ak023bzxkoz6
2023-09-18,11751830,ak023bzx1ro2
2023-09-18,11751835,ak023bzzt7gh
2023-09-18,11751839,ak023bzz9yes
2023-09-18,11751841,ak023bzyw99p
2023-09-19,11746636,ak023c1c6wb8
2023-09-19,11746643,ak023c1cae0r
2023-09-19,11746684,ak023c1dy564
2023-09-19,11746697,ak023c1f0dfx
2023-09-19,11746712,ak023c1frdhm
2023-09-19,11746717,ak023c1gcbyj
2023-09-19,11746726,ak023c1hijwb
2023-09-19,11746751,ak023c1iw083
2023-09-19,11746780,ak023c1kd63q
2023-09-19,11746786,ak023c1kg274
2023-09-19,11746801,us7000kwpy
2023-09-19,11746835,ak023c1lqq6y
2023-09-19,11746845,ak023c1lv7d8
2023-09-19,11746899,ak023c1ngpby
2023-09-19,11746933,ak023c1o2x0r
2023-09-19,11751312,ak023c1f1rll
2023-09-19,11751321,ak023c1axbwg
2023-09-19,11751768,ak023c1lmt1g
2023-09-19,11751769,ak023c1l07aj
2023-09-19,11751794,ak023c1gvloh
2023-09-19,11751800,ak023c1fwgui
2023-09-19,11751803,ak023c1jthtb
2023-09-19,11751805,ak023c1jrccr
2023-09-19,11751811,ak023c1hf24j
2023-09-20,11746985,ak023c2yj5ut
2023-09-20,11746998,ak023c2z8owo
2023-09-20,11747007,ak023c2zmtq9
2023-09-20,11747060,ak023c31i76j
2023-09-20,11747067,ak023c3206y0
2023-09-20,11747090,ak023c33y9s7
2023-09-20,11747093,ak023c3419oy
2023-09-20,11747193,ak023c39dysa
2023-09-20,11747236,ak023c3aaphi
2023-09-20,11747244,ak023c3ahsnv
2023-09-20,11747271,ak023c3bjcr7
2023-09-20,11747282,ak023c3c3vms
2023-09-20,11747284,ak023c3c4k4z
2023-09-20,11747425,ak023c3c39bp
2023-09-20,11752104,ak023c3289xm
2023-09-20,11752109,ak023c2znnf5
2023-09-20,11752142,ak023c39r5y3
2023-09-20,11752148,ak023c384hl5
2023-09-20,11752152,ak023c3bp9wn
2023-09-20,11752157,ak023c3al0yg
2023-09-21,11747348,ak023c4ly38k
2023-09-21,11747361,at00s1ba3c
2023-09-21,11747374,ak023c4n7fx9
2023-09-21,11747415,ak023c4poh8f
2023-09-21,11747472,ak023c4tqcft
2023-09-21,11747488,ak023c4uarwu
2023-09-21,11747491,ak023c4ugxv7
2023-09-21,11747547,ak023c4wu90j
2023-09-21,11747636,ak023c4yn88o
2023-09-21,11747688,ak023c4z8hgh
2023-09-21,11752256,ak023c4u9bar
2023-09-21,11752258,ak023c4tyjkg
2023-09-21,11752259,ak023c4txoiy
2023-09-21,11752262,ak023c4t26yb
2023-09-21,11752269,ak023c4rg4se
2023-09-21,11752438,ak023c4z0hsc
2023-09-21,11752456,ak023c4mkaea
2023-09-21,11752458,ak023c4q3p24
2023-09-21,11752468,ak023c4owlmj
2023-09-21,11752470,ak023c4nppp5
2023-09-21,11752471,ak023c4nowo3
2023-09-22,11747773,ak023c6a7jtt
2023-09-22,11747779,ak023c6ancni
2023-09-22,11747805,ak023c6cigxe
2023-09-22,11747819,us7000kxav
2023-09-22,11747839,ak023c6eiw4n
2023-09-22,11747842,ak023c6ew6bf
2023-09-22,11747843,us7000kxbh
2023-09-22,11747846,ak023c6eyjc1
2023-09-22,11747853,ak023c6f31nf
2023-09-22,11747865,ak023c6fndou
2023-09-22,11747882,ak023c6go2ag
2023-09-22,11747890,ak023c6hd5df
2023-09-22,11747899,ak023c6hxh0x
2023-09-22,11747902,ak023c6iddac
2023-09-22,11747968,ak023c6kxxme
2023-09-22,11748020,ak023c6m0inb
2023-09-22,11748040,ak023c6m8rn0
2023-09-22,11748042,ak023c6mj6ex
2023-09-22,11752579,ak023c6hhxmv
2023-09-22,11752583,ak023c6ijfum
2023-09-22,11752781,ak023c6btmeb
2023-09-22,11752789,ak023c6a39nj
2023-09-22,11752798,ak023c6bj5sc
2023-09-22,11752803,ak023c6a4bdh
2023-09-22,11753035,ak023c6m197y
2023-09-22,11753042,ak023c6jujri
2023-09-22,11753043,ak023c6j9434
2023-09-22,11753044,ak023c6j1f9j
2023-09-23,11748154,ak023c7x94wd
2023-09-23,11748191,ak023c7zfppk
2023-09-23,11748211,ak023c803d4z
2023-09-23,11748212,ak023c803r72
2023-09-23,11748215,ak023c807vxv
2023-09-23,11748241,ak023c81tb81
2023-09-23,11748258,ak023c82xs25
2023-09-23,11748261,ak023c831dkk
2023-09-23,11748271,ak023c83krjp
2023-09-23,11748272,ak023c83l3k7
2023-09-23,11748421,ak023c8axm28
2023-09-23,11753141,ak023c88ignz
2023-09-23,11754297,ak023c7x03e1
2023-09-24,11748425,ak023c9kk3j0
2023-09-24,11748452,ak023c9lu01r
2023-09-24,11748456,ak023c9lwj88
2023-09-24,11748484,ak023c9n4odd
2023-09-24,11748503,ak023c9o4ubk
2023-09-24,11748525,ak023c9phtgz
2023-09-24,11748549,ak023c9re3a2
2023-09-24,11748611,ak023c9uv1bq
2023-09-24,11748628,ak023c9vi7xq
2023-09-24,11748646,ak023c9wh0h8
2023-09-24,11753080,ak023c9n5hje
2023-09-25,11748711,ak023cb879xr
2023-09-25,11748904,ak023cbgnv5r
2023-09-25,11748922,ak023cbh9gbh
2023-09-25,11748992,ak023cbj2vh4
2023-09-25,11749048,ak023cbkvlnb
2023-09-25,11753749,ak023cbjevfq
2023-09-25,11753758,ak023cbl9i56
2023-09-25,11753772,ak023cbladbc
2023-09-25,11754968,ak023cbh098w
2023-09-25,11755060,ak023cbbwjzz
2023-09-26,11749122,ak023ccvlite
2023-09-26,11749149,ak023ccx3kgg
2023-09-26,11749195,ak023ccze06z
2023-09-26,11749202,ak023cczh2a4
2023-09-26,11749210,ak023cd02xvf
2023-09-26,11749219,ak023cd0xy4d
2023-09-26,11749249,ak023cd2sgw8
2023-09-26,11749261,ak023cd3dv1x
2023-09-26,11749298,ak023cd4n8ku
2023-09-26,11749466,ak023cd87g20
2023-09-26,11749545,ak023cd9exat
2023-09-26,11754494,ak023ccz9kie
2023-09-26,11754561,ak023cd1toh5
2023-09-26,11754571,ak023cd28mty
2023-09-26,11754661,ak023cd7hxa3
2023-09-27,11749593,ak023cekgkzs
2023-09-27,11749595,us6000lb0w
2023-09-27,11749664,us6000lb2a
2023-09-27,11749707,ak023cerldxx
2023-09-27,11749713,ak023cerppdk
2023-09-27,11749881,ak023cewbbnz
2023-09-27,11749934,ak023cex07vc
2023-09-27,11755006,ak023ceu2e4x
2023-09-27,11755007,ak023cetw4hq
2023-09-27,11755011,ak023cewfeji
2023-09-27,11755021,ak023ceu4iow
2023-09-27,11755281,ak023cel5ign
2023-09-27,11755282,ak023cekbad7
2023-09-27,11755740,ak023cep9dwz
2023-09-28,11749989,ak023cg79v7s
2023-09-28,11750022,ak023cg9744y
2023-09-28,11750046,ak023cgah4hs
2023-09-28,11750073,ak023cgc5fmi
2023-09-28,11750102,ak023cgdsxl3
2023-09-28,11750162,ak023cgfv6iq
2023-09-28,11750196,ak023cggsdd0
2023-09-28,11750242,ak023cgi4m84
2023-09-28,11750367,ak023cgketja
2023-09-28,11754911,ak023cg6z67x
2023-09-28,11755491,ak023cge0xxr
2023-09-28,11755494,ak023cgdgqil
2023-09-28,11755500,ak023cgft15q
2023-09-28,11755508,ak023cgjrxya
2023-09-28,11755526,ak023cggwggj
2023-09-28,11755537,ak023cgjenn7
2023-09-28,11755540,ak023cgj9vsj
2023-09-28,11755544,ak023cgk01a7
2023-09-29,11750567,ak023ci0cwes
2023-09-29,11750568,ak023ci0fbyr
2023-09-29,11750586,us6000lbmr
2023-09-29,11750814,ak023ci6cpsy
2023-09-29,11750873,ak023ci79ya7
2023-09-29,11750892,ak023ci7vls7
2023-09-29,11755333,ak023ci2jnh5
2023-09-29,11755338,ak023ci36q1p
2023-09-29,11755898,ak023chws3lu
2023-09-29,11755899,ak023chwon4m
2023-09-30,11750984,ak023cjjptrd
2023-09-30,11750987,ak023cjjrwzv
2023-09-30,11751042,ak023cjlic8j
2023-09-30,11751049,ak023cjm0zps
2023-09-30,11751060,ak023cjmq9op
2023-09-30,11751062,ak023cjmqa42
2023-09-30,11751099,ak023cjouzrk
2023-09-30,11751139,ak023cjsgwgr
2023-09-30,11751163,ak023cjuyiud
2023-09-30,11755697,ak023cjk4742
2023-09-30,11755704,ak023cjl04o1
2023-09-30,11755987,ak023cjns6w4
2023-10-01,11751240,ak023cl7whgf
2023-10-01,11751328,ak023clc2xnt
2023-10-01,11751331,us6000lc38
2023-10-01,11751348,ak023cld49y9
2023-10-01,11751354,ak023cldawqh
2023-10-01,11751364,ak023cldut5f
2023-10-01,11751380,ak023clevsmm
2023-10-01,11751382,ak023clex15l
2023-10-01,11751390,ak023clfm2w5
2023-10-01,11751395,ak023clg63g1
2023-10-01,11751420,ak023clhhkc1
2023-10-01,11751433,ak023clief4t
2023-10-01,11751434,ak023clig43o
2023-10-01,11751435,ak023cligzkh
2023-10-01,11751437,ak023clihn9u
2023-10-01,11755803,ak023cl7pawj
2023-10-01,11755804,ak023cl7axum
2023-10-01,11755807,ak023cl6r6h3
2023-10-01,11755811,ak023cl5ba3a
2023-10-01,11755812,ak023cl89o0c
2023-10-01,11758428,ak023clbj1rb
2023-10-02,11751466,ak023cmt06rt
2023-10-02,11751471,ak023cmth4wi
2023-10-02,11751490,ak023cmusb6d
2023-10-02,11751528,ak023cmxqfms
2023-10-02,11751536,ak023cmybkr0
2023-10-02,11751567,ak023cn01big
2023-10-02,11751590,ak023cn1c4ek
2023-10-02,11751609,ak023cn1xzui
2023-10-02,11751644,ak023cn2ynad
2023-10-02,11756910,ak023cn346yk
2023-10-02,11758189,ak023cmyg4gc
2023-10-03,11751913,ak023cohn8un
2023-10-03,11751916,ak023cohrvqg
2023-10-03,11752072,ak023copi5ja
2023-10-03,11752130,ak023corxv6g
2023-10-03,11752134,ak023cos8raq
2023-10-03,11752138,ak023cosaw8w
2023-10-03,11752173,ak023coshapd
2023-10-03,11758204,ak023conihsp
2023-10-04,11752274,ak023cq3wvg8
2023-10-04,11752290,ak023cq4hwve
2023-10-04,11752302,ak023cq57wvr
2023-10-04,11752371,ak023cq89uz6
2023-10-04,11752631,ak023cqgluyo
2023-10-04,11752670,ak023cqhrfh1
2023-10-04,11757684,us6000lgfs
2023-10-05,11752717,ak023crsol5z
2023-10-05,11752732,ak023crtaz61
2023-10-05,11752811,ak023crvkili
2023-10-05,11752840,ak023crxd4am
2023-10-05,11752866,ak023cryqf89
2023-10-05,11753010,ak023cs2v4sg
2023-10-05,11757907,ak023cs3e89x
2023-10-05,11757913,ak023cs24apr
2023-10-06,11753199,ak023ctfqsr0
2023-10-06,11753201,ak023ctfromm
2023-10-06,11753207,ak023ctfvdsb
2023-10-06,11753287,ak023ctiuyia
2023-10-06,11753313,ak023ctkkoph
2023-10-06,11753318,ak023ctl2tnm
2023-10-06,11753325,ak023ctlopez
2023-10-06,11753340,ak023ctm9hnq
2023-10-06,11753362,ak023ctna5d5
2023-10-06,11753430,ak023cto76fa
2023-10-06,11753549,ak023ctsce7h
2023-10-06,11757136,us6000lesl
2023-10-06,11758006,ak023ctmrxxl
2023-10-07,11753618,ak023cv3rijj
2023-10-07,11753628,us6000ldng
2023-10-07,11753640,ak023cv4juze
2023-10-07,11753660,ak023cv5ik1v
2023-10-07,11753668,ak023cv5qqf1
2023-10-07,11753703,ak023cv7gdmk
2023-10-07,11753708,ak023cv7w4n6
2023-10-07,11753710,ak023cv7yw33
2023-10-07,11753774,ak023cv9tz6u
2023-10-07,11753860,ak023cvfa3k6
2023-10-07,11753873,ak023cvg6to1
2023-10-07,11753876,ak023cvg6ue5
2023-10-07,11759323,ak023cv4juz7
2023-10-07,11759324,ak023cv6y9eg
2023-10-07,11759329,ak023cv3ukqp
2023-10-07,11759332,ak023cv37smt
2023-10-07,11759333,ak023cv7bise
2023-10-07,11759334,ak023cv6z8jk
2023-10-07,11759340,ak023cv52hoo
2023-10-07,11759343,ak023cv4adkq
2023-10-07,11759352,ak023cv86rf2
2023-10-08,11754001,ak023cww5da4
2023-10-08,11754037,ak023cwxwdc9
2023-10-08,11754046,ak023cwy1w5y
2023-10-08,11754088,ak023cwzjy7s
2023-10-08,11754140,ak023cx1i2c5
2023-10-08,11754246,ak023cx409mu
2023-10-08,11758377,ak023cwqoegu
2023-10-08,11758378,ak023cwvdp1o
2023-10-08,11758386,ak023cwrsw3v
2023-10-08,11758907,ak023cx2k0m3
2023-10-09,11754266,ak023cye9f4p
2023-10-09,11754268,ak023cyeb5ex
2023-10-09,11754380,ak023cyidiwh
2023-10-09,11754382,ak023cyifvcj
2023-10-09,11754393,ak023cyj4k0e
2023-10-09,11754399,ak023cyjipt5
2023-10-09,11754400,ak023cyjinkg
2023-10-09,11754408,ak023cyjpb49
2023-10-09,11754409,ak023cyjpcnl
2023-10-09,11754422,ak023cykq7o9
2023-10-09,11754426,ak023cykto2s
2023-10-09,11754427,ak023cyku0ug
2023-10-09,11754466,ak023cyl0gmu
2023-10-09,11754516,ak023cyn569x
2023-10-09,11754556,ak023cyoh8fv
2023-10-09,11759896,ak023cyncylt
2023-10-09,11759898,ak023cymq1a3
2023-10-09,11759902,ak023cym5gv4
2023-10-09,11759905,ak023cylvzkv
2023-10-09,11759912,ak023cyprxcz
2023-10-09,11759915,ak023cypijx5
2023-10-10,11754743,ak023d03iim1
2023-10-10,11754779,us6000legc
2023-10-10,11754870,ak023d0abil7
2023-10-10,11754875,ak023d0am5og
2023-10-10,11755083,ak023d0ezosc
2023-10-10,11759708,ak023d0bz4cm
2023-10-10,11759815,ak023d01dalq
2023-10-10,11759826,ak023d07sf50
2023-10-11,11755094,ak023d1oryib
2023-10-11,11755130,ak023d1qfmhe
2023-10-11,11755175,ak023d1sdex1
2023-10-11,11755182,ak023d1sz14a
2023-10-11,11755224,ak023d1wdw16
2023-10-11,11755227,ak023d1whacr
2023-10-11,11760190,ak023d1ybth6
2023-10-11,11760192,ak023d1x8b9n
2023-10-11,11760198,ak023d22d9z6
2023-10-11,11760200,ak023d21dapf
2023-10-11,11760201,ak023d20py9b
2023-10-11,11760542,ak023d1pic65
2023-10-11,11760546,ak023d1ousin
2023-10-11,11760558,ak023d1r3r43
2023-10-11,11760574,ak023d1sfc30
2023-10-11,11760580,ak023d1umni6
2023-10-12,11755464,ak023d3dyqv0
2023-10-12,11755465,ak023d3dyut1
2023-10-12,11755625,ak023d3j12pq
2023-10-12,11755628,ak023d3jdzls
2023-10-12,11755632,ak023d3jl0bj
2023-10-12,11755677,ak023d3lcqri
2023-10-12,11755754,ak023d3n26wz
2023-10-12,11755762,ak023d3nhp0m
2023-10-12,11760660,ak023d3k3vk0
2023-10-12,11760673,ak023d3ltd7j
2023-10-12,11760678,ak023d3kqe8y
2023-10-12,11760725,ak023d3h4ipy
2023-10-12,11760734,ak023d3dyqwt
2023-10-12,11760737,ak023d3dd41n
2023-10-13,11755911,ak023d4zsiq3
2023-10-13,11755970,ak023d52efnd
2023-10-13,11756046,ak023d55ddhx
2023-10-13,11756061,ak023d55y54a
2023-10-13,11756072,ak023d56f5d9
2023-10-13,11756119,ak023d58rpib
2023-10-13,11756204,ak023d5bt2fx
2023-10-13,11756431,ak023d5a523h
2023-10-13,11761138,ak023d52ff7e
2023-10-13,11761146,ak023d52xc67
2023-10-13,11761147,ak023d52drmz
2023-10-13,11761148,ak023d52dqa0
2023-10-13,11761153,ak023d51m425
2023-10-13,11761205,ak023d5703vo
2023-10-14,11756361,ak023d6uojeq
2023-10-14,11756365,ak023d6v6lxh
2023-10-14,11756416,ak023d6svkxy
2023-10-14,11761377,ak023d6swivc
2023-10-14,11761386,ak023d6p7vve
2023-10-14,11762364,ak023d6upede
2023-10-14,11762376,ak023d6v1928
2023-10-14,11762377,ak023d6v0ncc
2023-10-14,11762378,ak023d70ltjd
2023-10-14,11762380,ak023d70l19s
2023-10-14,11762387,ak023d6x1xdh
2023-10-14,11762391,ak023d712xuk
2023-10-15,11756470,ak023d8bh1ud
2023-10-15,11756474,ak023d8c17c3
2023-10-15,11756502,ak023d8ee68o
2023-10-15,11756516,ak023d8fo7e9
2023-10-15,11756518,ak023d8fph7e
2023-10-15,11756554,ak023d8jysko
2023-10-15,11756558,ak023d8kdrc4
2023-10-15,11756619,ak023d8mt6g3
2023-10-15,11756621,ak023d8n00n0
2023-10-15,11756628,us6000lfsd
2023-10-15,11756635,ak023d8nvrdw
2023-10-15,11762990,ak023d8ommcp
2023-10-15,11762995,ak023d8oho9s
2023-10-15,11763002,ak023d8l4an7
2023-10-16,11756672,ak023d9zne9f
2023-10-16,11756764,ak023da5mtut
2023-10-16,11756776,ak023da6be1l
2023-10-16,11756938,ak023daay0wr
2023-10-16,11756944,ak023daavntz
2023-10-16,11762782,ak023da1g3wt
2023-10-16,11762793,ak023d9yn4we
2023-10-16,11762795,ak023d9ygyus
2023-10-16,11762807,ak023d9ynrwc
2023-10-16,11762814,ak023da3rn9d
2023-10-16,11762815,ak023da3qzz4
2023-10-17,11757011,ak023dbmhp0o
2023-10-17,11757025,ak023dbmsr7r
2023-10-17,11757031,ak023dbnp5zq
2023-10-17,11757064,ak023dbphprn
2023-10-17,11757070,ak023dbpnel2
2023-10-17,11757102,ak023dbrwfa8
2023-10-17,11757139,ak023dbtmcqc
2023-10-17,11757159,ak023dbue8jz
2023-10-17,11757172,ak023dbv0lzu
2023-10-17,11763952,ak023dbn63ox
2023-10-17,11763964,ak023dbox93n
2023-10-18,11757353,ak023dda21cb
2023-10-18,11757358,ak023dda5b2e
2023-10-18,11757429,ak023dddoqrg
2023-10-18,11757502,ak023ddgvfs3
2023-10-18,11757521,ak023ddhwlno
2023-10-18,11757530,ak023ddi0gbg
2023-10-18,11757560,ak023ddj0tjc
2023-10-18,11757640,us6000lggw
2023-10-18,11763108,ak023ddangrl
2023-10-18,11763120,ak023ddewcr0
2023-10-18,11763123,ak023ddab469
2023-10-18,11763126,ak023dddkyg8
2023-10-18,11763127,ak023dddksmo
2023-10-18,11763136,ak023ddg21og
2023-10-18,11764196,ak023ddlm1a6
2023-10-19,11757683,ak023dexnxsw
2023-10-19,11757716,ak023df02y5i
2023-10-19,11757747,ak023df1vi54
2023-10-19,11757760,ak023df2e6te
2023-10-19,11757768,ak023df31zwe
2023-10-19,11757789,ak023df4pshk
2023-10-19,11757811,ak023df5f96v
2023-10-19,11757838,ak023df6h62l
2023-10-19,11757847,ak023df73ycv
2023-10-19,11757926,ak023df92flo
2023-10-19,11757959,av92088176
2023-10-19,11757963,ak023dfa9bzz
2023-10-19,11763545,ak023df7t13z
2023-10-19,11763552,ak023df71tq0
2023-10-19,11763556,ak023df9iwes
2023-10-19,11763562,ak023df8f25p
2023-10-19,11763565,ak023df8bfvc
2023-10-19,11764029,ak023deyt55o
2023-10-19,11764033,ak023df3kkcc
2023-10-19,11764036,ak023df2xhfr
2023-10-19,11764037,ak023df2mk8u
2023-10-20,11758035,ak023dgl8nwf
2023-10-20,11758037,ak023dgle70t
2023-10-20,11758105,ak023dgpyd2x
2023-10-20,11758125,ak023dgrrzq7
2023-10-20,11758179,ak023dguarrs
2023-10-20,11758258,ak023dgwgftb
2023-10-20,11758308,ak023dgxsuw8
2023-10-20,11764072,ak023dglp2lw
2023-10-20,11764136,ak023dgswxug
2023-10-20,11764150,ak023dgx21e9
2023-10-21,11758440,ak023dib95c4
2023-10-21,11758474,ak023didkqtp
2023-10-21,11758492,ak023dif8i7c
2023-10-21,11758495,ak023difflka
2023-10-21,11758500,ak023difx4u7
2023-10-21,11758501,ak023dig0dty
2023-10-21,11758520,ak023dihpnzf
2023-10-21,11758530,ak023dihsp3u
2023-10-21,11758538,ak023dii558w
2023-10-21,11758595,ak023dikugqp
2023-10-21,11758610,ak023dilf7gl
2023-10-21,11765061,ak023di9uxuw
2023-10-21,11765064,ak023dichyx6
2023-10-21,11765091,ak023didhcci
2023-10-21,11765327,ak023diixk5i
2023-10-22,11758620,ak023djvmlw3
2023-10-22,11758636,ak023djwu49b
2023-10-22,11758649,ak023djxlzau
2023-10-22,11758651,ak023djxyhod
2023-10-22,11758671,ak023djypfld
2023-10-22,11758713,ak023dk1hra0
2023-10-22,11758719,ak023dk1pc8d
2023-10-22,11758720,ak023dk1qb9t
2023-10-22,11758744,ak023dk3igl5
2023-10-22,11758747,ak023dk3k4jy
2023-10-22,11758751,ak023dk3w6t0
2023-10-22,11758822,ak023dk7iyjo
2023-10-22,11765451,ak023djxink2
2023-10-22,11765457,ak023djy06hp
2023-10-22,11765846,ak023dk483qk
2023-10-22,11765847,ak023dk7n6hg
2023-10-22,11765849,ak023dk8x8yy
2023-10-23,11758872,ak023dljavoc
2023-10-23,11758881,ak023dljpask
2023-10-23,11758944,ak023dllk3vi
2023-10-23,11758960,ak023dlmrejj
2023-10-23,11758965,ak023dlmy49h
2023-10-23,11758976,ak023dlnuofh
2023-10-23,11758993,ak023dlojcga
2023-10-23,11759061,ak023dlrlb15
2023-10-23,11759086,ak023dls5th8
2023-10-23,11759245,ak023dlv74sq
2023-10-23,11759260,ak023dlvmt24
2023-10-23,11759306,ak023dlwtgih
2023-10-23,11765921,ak023dlmef0t
2023-10-23,11765932,ak023dlp8tes
2023-10-23,11765945,ak023dlja25i
2023-10-23,11765958,ak023dll69aa
2023-10-23,11765967,ak023dlnyrro
2023-10-23,11766792,ak023dluionp
2023-10-23,11766814,ak023dlv74tu
2023-10-23,11766820,ak023dlti18l
2023-10-24,11759399,ak023dn7ymzb
2023-10-24,11759411,ak023dn8hlfl
2023-10-24,11759473,ak023dnbi2u0
2023-10-24,11759493,ak023dncwal1
2023-10-24,11759566,ak023dng5vrg
2023-10-24,11759600,ak023dnh2b7h
2023-10-24,11759746,ak023dnjg6pz
2023-10-24,11766601,ak023dn7bvj7
2023-10-24,11766632,ak023dnb48dv
2023-10-24,11768385,ak023dnf4142
2023-10-24,11768400,ak023dnkbcn0
2023-10-24,11768402,ak023dnij1rc
2023-10-25,11759798,ak023doueymq
2023-10-25,11759969,ak023doyhj77
2023-10-25,11759980,ak023doz18wy
2023-10-25,11760016,ak023dp0pw2y
2023-10-25,11760022,ak023dp0wdsb
2023-10-25,11760048,ak023dp27woy
2023-10-25,11760089,ak023dp4ek3t
2023-10-25,11760115,ak023dp5km1a
2023-10-25,11760116,ak023dp5mokn
2023-10-25,11760196,ak023dp7fo9w
2023-10-25,11766425,ak023dp0c7zx
2023-10-26,11760251,ak023dqicn6t
2023-10-26,11760255,ak023dqieiz0
2023-10-26,11760283,ak023dqj3h9l
2023-10-26,11760375,ak023dqn8bwj
2023-10-26,11760377,ak023dqnohya
2023-10-26,11760384,ak023dqnt7ki
2023-10-26,11760386,ak023dqnwuhl
2023-10-26,11760416,ak023dqp5vif
2023-10-26,11760461,ak023dqqxwr8
2023-10-26,11760611,ak023dquac88
2023-10-26,11760647,ak023dquvmaw
2023-10-26,11760766,ak023dqvgzf0
2023-10-26,11767545,ak023dqkpaxi
2023-10-27,11760827,ak023ds7uac8
2023-10-27,11760857,ak023ds8vkkp
2023-10-27,11760865,ak023ds94esw
2023-10-27,11760916,ak023dsb7745
2023-10-27,11760927,ak023dsbj5ey
2023-10-27,11760939,ak023dsc285b
2023-10-27,11761059,ak023dsf2azg
2023-10-27,11761092,ak023dsg0qmh
2023-10-27,11761228,ak023dshv7be
2023-10-27,11761273,ak023dsj354z
2023-10-27,11768191,ak023dsfznxg
2023-10-27,11768251,ak023ds8ysr1
2023-10-27,11768256,ak023ds8fglc
2023-10-27,11768257,ak023ds7bciu
2023-10-27,11768258,ak023ds77543
2023-10-27,11768266,ak023dsbczli
2023-10-28,11761308,ak023dttcwm3
2023-10-28,11761337,ak023dtuk2yv
2023-10-28,11761340,ak023dtuny46
2023-10-28,11761356,ak023dtut7mp
2023-10-28,11761366,ak023dtv7d7f
2023-10-28,11761418,ak023dtvrpzx
2023-10-28,11761436,ak023dtw0irw
2023-10-28,11761529,ak023dtzjvcm
2023-10-28,11761576,ak023du1zrb8
2023-10-28,11761620,ak023du4u7c2
2023-10-28,11763851,ak023dtx4ec9
2023-10-28,11763860,ak023dtvzg0u
2023-10-28,11766546,ak023du5celd
2023-10-29,11761694,ak023dvh04dj
2023-10-29,11761719,ak023dvi52cv
2023-10-29,11761745,ak023dvjfro6
2023-10-29,11761788,ak023dvlpw4y
2023-10-29,11761805,ak023dvn25ja
2023-10-29,11761866,ak023dvpxo76
2023-10-29,11761880,ak023dvqo8ki
2023-10-29,11768527,ak023dvh056v
2023-10-29,11768540,ak023dvklztu
2023-10-29,11768637,ak023dvt07ld
2023-10-29,11768641,ak023dvqrvk5
2023-10-29,11768664,ak023dvrn0d8
2023-10-30,11761963,ak023dx3zble
2023-10-30,11761992,ak023dx597bb
2023-10-30,11762007,ak023dx5pi17
2023-10-30,11762219,ak023dxev7zl
2023-10-30,11762296,ak023dxg33n9
2023-10-30,11763803,us7000l7l5
2023-10-30,11768563,ak023dx45byj
2023-10-30,11769136,ak023dxe5veg
2023-10-30,11769139,ak023dxcac49
2023-10-31,11762458,ak023dyu3s0g
2023-10-31,11762490,ak023dywrt2i
2023-10-31,11762496,ak023dyx2gau
2023-10-31,11762512,ak023dyyolnu
2023-10-31,11762534,ak023dyzwv3d
2023-10-31,11762543,ak023dz0e8tq
2023-10-31,11762624,ak023dz2zkyl
2023-10-31,11762629,ak023dz310w0
2023-10-31,11762674,ak023dz482xe
2023-10-31,11762730,ak023dz554ac
2023-10-31,11762740,ak023dz59mol
2023-10-31,11762741,ak023dz59v16
2023-10-31,11769046,ak023dyudyob
2023-11-01,11762770,ak023e0fqcc6
2023-11-01,11762771,ak023e0fr31g
2023-11-01,11762817,ak023e0gd7rw
2023-11-01,11762871,ak023e0j9esg
2023-11-01,11762874,ak023e0jc723
2023-11-01,11762889,ak023e0kg8c9
2023-11-01,11762914,ak023e0lo75q
2023-11-01,11762968,ak023e0o5q4j
2023-11-01,11763020,ak023e0p8bo8
2023-11-01,11763034,ak023e0pctn1
2023-11-01,11763153,ak023e0s422g
2023-11-01,11768960,ak023e0o4hnk
2023-11-01,11768977,ak023e0os0ar
2023-11-01,11768987,ak023e0saas1
2023-11-01,11769978,ak023e0ka0sn
2023-11-01,11769996,ak023e0gqk78
2023-11-02,11763201,ak023e22m40g
2023-11-02,11763246,ak023e248rpp
2023-11-02,11763247,ak023e24a7uy
2023-11-02,11763260,ak023e24vblr
2023-11-02,11763264,ak023e24yvuo
2023-11-02,11763288,ak023e268525
2023-11-02,11763309,ak023e27f0yb
2023-11-02,11763316,ak023e27v9w1
2023-11-02,11763388,ak023e2be6yg
2023-11-02,11763398,ak023e2c3j0i
2023-11-02,11763416,ak023e2cr0cu
2023-11-02,11769871,ak023e23vwmf
2023-11-02,11769892,ak023e28in08
2023-11-03,11763700,ak023e3tkfsd
2023-11-03,11763753,ak023e3vy5xc
2023-11-03,11763777,ak023e3wokfm
2023-11-03,11763784,ak023e3x8u0t
2023-11-03,11763980,ak023e410xin
2023-11-03,11764096,ak023e42r5oo
2023-11-03,11764098,ak023e42taed
2023-11-03,11764244,ak023e433j7o
2023-11-04,11764167,ak023e5e94cb
2023-11-04,11764273,ak023e5hc6u0
2023-11-04,11764292,ak023e5iw2sh
2023-11-04,11764312,ak023e5jiz4q
2023-11-04,11764323,ak023e5kbix1
2023-11-04,11764364,ak023e5n5iov
2023-11-04,11764371,ak023e5npotz
2023-11-04,11764396,ak023e5plog4
2023-11-04,11764403,ak023e5pp7yg
2023-11-05,11764470,ak023e72j70f
2023-11-05,11764483,ak023e73ni17
2023-11-05,11764496,ak023e748soz
2023-11-05,11764537,ak023e75y0pq
2023-11-05,11764560,ak023e77dcea
2023-11-05,11764563,ak023e77td15
2023-11-05,11764600,ak023e79i002
2023-11-05,11764658,ak023e7daaa1
2023-11-05,11764685,ak023e7eai3r
2023-11-05,11764718,ak023e7ez8v0
2023-11-05,11769670,ak023e76lltr
2023-11-05,11769672,ak023e75ekwx
2023-11-06,11764741,ak023e8p9i40
2023-11-06,11764747,ak023e8pelzv
2023-11-06,11764790,ak023e8rvrqt
2023-11-06,11764793,ak023e8rvwdl
2023-11-06,11764795,ak023e8s8krd
2023-11-06,11764807,ak023e8t2ng5
2023-11-06,11764812,ak023e8tmpfj
2023-11-06,11764832,ak023e8utod9
2023-11-06,11764834,ak023e8uuol1
2023-11-06,11764868,ak023e8vbcwz
2023-11-06,11764880,us7000l94u
2023-11-06,11764882,ak023e8w3j70
2023-11-06,11764887,ak023e8wmrko
2023-11-06,11764918,ak023e8xug4o
2023-11-06,11764923,ak023e8y4t8g
2023-11-06,11764931,ak023e8y7da3
2023-11-06,11764933,ak023e8y8nk0
2023-11-06,11764935,ak023e8y9h2s
2023-11-06,11764966,ak023e8ze1su
2023-11-06,11764991,ak023e8znoye
2023-11-06,11765028,ak023e91tu9j
2023-11-06,11765042,ak023e92dtky
2023-11-06,11765043,ak023e92e3yg
2023-11-06,11765048,us7000l98t
2023-11-06,11765770,av92109381
2023-11-07,11765121,ak023eacf1pt
2023-11-07,11765129,ak023ead29uo
2023-11-07,11765130,ak023eadeglk
2023-11-07,11765134,ak023eadh6bc
2023-11-07,11765150,ak023eae17ln
2023-11-07,11765192,ak023eafptwj
2023-11-07,11765202,ak023eag04oc
2023-11-07,11765218,ak023eagzfrj
2023-11-07,11765219,ak023eah0yux
2023-11-07,11765253,ak023eaiqnd3
2023-11-07,11765301,ak023eal9arg
2023-11-07,11765332,ak023ealc3s2
2023-11-07,11765391,ak023eao41ug
2023-11-07,11765412,ak023eaoqaa8
2023-11-07,11765435,ak023eapifze
2023-11-08,11765490,ak023ec0aek8
2023-11-08,11765526,ak023ec24swl
2023-11-08,11765533,ak023ec2erj5
2023-11-08,11765574,ak023ec4s9fe
2023-11-08,11765578,ak023ec595ui
2023-11-08,11765672,ak023ec81qtg
2023-11-08,11765686,ak023ec8phml
2023-11-08,11765736,ak023ecakbp4
2023-11-08,11765745,ak023ecao9yt
2023-11-08,11765752,ak023ecb08rs
2023-11-08,11765781,ak023ecbunfy
2023-11-08,11765796,ak023eccchzy
2023-11-09,11765976,ak023edptm3m
2023-11-09,11765986,ak023edqah2p
2023-11-09,11766009,ak023edrftu7
2023-11-09,11766012,ak023edro6ib
2023-11-09,11766179,ak023edyv2w6
2023-11-09,11766250,ak023ee0i99o
2023-11-09,11766255,us7000l9t6
2023-11-10,11766365,ak023efe2tk6
2023-11-10,11766380,ak023efent56
2023-11-10,11766438,ak023effuo6u
2023-11-10,11766457,ak023efhbifw
2023-11-10,11766460,ak023efhcrtc
2023-11-10,11766479,ak023efii9eq
2023-11-10,11766483,ak023efin79p
2023-11-10,11766488,ak023efir5eh
2023-11-10,11766492,ak023efj8h52
2023-11-10,11766582,ak023efkx6hh
2023-11-10,11766683,ak023efmdtwi
2023-11-10,11766708,ak023efnb481
2023-11-11,11766859,ak023eh1ijxw
2023-11-11,11766873,ak023eh235hn
2023-11-11,11766999,us7000lad4
2023-11-11,11767018,ak023eh9ag9k
2023-11-11,11767033,ak023ehbivlk
2023-11-12,11767067,ak023ein79gh
2023-11-12,11767118,ak023eiq8tol
2023-11-12,11767130,us7000laga
2023-11-12,11767151,ak023eispjt6
2023-11-12,11767162,ak023eitov7b
2023-11-12,11767231,ak023eiyihz4
2023-11-12,11767252,ak023eizjayd
2023-11-12,11767267,ak023eizu1e5
2023-11-13,11767284,ak023eka30ws
2023-11-13,11767291,ak023ekab5w5
2023-11-13,11767308,ak023ekbte4y
2023-11-13,11767348,ak023ekdtcd9
2023-11-13,11767398,ak023ekhely8
2023-11-13,11767574,us7000lash
2023-11-14,11767623,ak023elwxijk
2023-11-14,11767658,ak023ely4sio
2023-11-14,11767669,ak023elyscve
2023-11-14,11767675,ak023elyxbin
2023-11-14,11767722,ak023em2atli
2023-11-14,11767724,ak023em2c2cc
2023-11-14,11767735,ak023em2ilsd
2023-11-14,11767761,ak023em4oe60
2023-11-14,11767808,us6000lnc6
2023-11-14,11767813,ak023em715sv
2023-11-14,11767818,ak023em4e0j6
2023-11-14,11767931,ak023ema6t8r
2023-11-15,11767989,ak023enklcg4
2023-11-15,11768004,ak023enl9tsu
2023-11-15,11768008,ak023enlp73z
2023-11-15,11768024,ak023enmu3sc
2023-11-15,11768059,ak023enoa2yz
2023-11-15,11768145,ak023entpbbx
2023-11-15,11768146,ak023entynrw
2023-11-15,11768292,ak023enwz42n
2023-11-16,11768341,ak023ep96eu5
2023-11-16,11768348,ak023ep9y7sq
2023-11-16,11768354,ak023epaolkv
2023-11-16,11768413,ak023epd08x9
2023-11-16,11768419,ak023epe0xdp
2023-11-16,11768448,ak023epfrfrv
2023-11-16,11768592,ak023epj14rs
2023-11-17,11768706,ak023eqvnvac
2023-11-17,11768730,ak023eqwbno5
2023-11-17,11768826,ak023er1kib5
2023-11-17,11768856,ak023er3gkda
2023-11-17,11768932,at00s4a833
2023-11-17,11768953,ak023er7hh0x
2023-11-18,11769070,ak023esj2myv
2023-11-18,11769170,ak023esmve5u
2023-11-19,11769333,ak023eu83kxq
2023-11-19,11769358,ak023eu9pf76
2023-11-19,11769364,ak023eu9so97
2023-11-19,11769366,ak023eu9vypi
2023-11-19,11769386,ak023eubgn89
2023-11-19,11769391,ak023euc1zbr
2023-11-19,11769424,ak023eue2656
2023-11-19,11769432,ak023euf11f2
2023-11-19,11769492,ak023euinkwv
2023-11-19,11769517,ak023eukab4s
2023-11-20,11769562,ak023evv2j6m
2023-11-20,11769579,ak023evw2e0l
2023-11-20,11769628,ak023evy152w
2023-11-20,11769703,ak023ew23ryh
2023-11-20,11769718,ak023ew2oonq
2023-11-20,11769785,ak023ew4zts4
2023-11-20,11769844,ak023ew62gxi
2023-11-20,11769862,ak023ew7h2hs
2023-11-21,11769924,ak023exhslv2
2023-11-21,11770028,ak023exjr17l
2023-11-21,11770090,ak023exmoi33
2023-11-21,11770093,ak023exn29f1
2023-11-21,11770113,ak023exoag0k
2023-11-21,11770151,ak023exq9ahu
2023-11-21,11770210,ak023exsjutg
2023-11-21,11770282,ak023extn5fn
2023-11-22,11770525,ak023ez6lsnf
2023-11-22,11770533,ak023ez71vlf
2023-11-22,11770552,ak023ez7n0tm
2023-11-22,11770569,ak023ez8bplg
2023-11-22,11770580,ak023ez904iu
2023-11-22,11770584,ak023ez93kgk
2023-11-22,11770591,ak023ez9j23t
2023-11-22,11770593,ak023ez9kcos
2023-11-22,11770598,ak023eza1n30
2023-11-22,11770623,ak023ezbtzc3
2023-11-22,11770684,ak023ezetqnr
2023-11-22,11770701,ak023ezfhbh6
2023-11-22,11770733,ak023ezgm0nl
2023-11-22,11770764,ak023ezhqt3i
2023-11-23,11770824,ak023f0syutq
2023-11-23,11770876,ak023f0u35rb
2023-11-23,11770976,ak023f0yqv9i
2023-11-23,11771043,ak023f136oj2
2023-11-23,11771075,ak023f13iojq
2023-11-24,11771131,ak023f2hshle
2023-11-24,11771133,ak023f2hsdma
2023-11-24,11771145,ak023f2ivxh0
2023-11-24,11771183,ak023f2jybb2
2023-11-24,11771238,ak023f2ln7gl
2023-11-24,11771263,ak023f2o5glw
2023-11-24,11771270,us6000lqhr
2023-11-24,11771277,ak023f2ot3at
2023-11-24,11771407,ak023f2u1p34
2023-11-24,11771411,ak023f2u8y1z
2023-11-25,11771438,ak023f44keob
2023-11-25,11771463,ak023f45rjd1
2023-11-25,11771466,ak023f45xb4h
2023-11-25,11771551,ak023f4a15x3
2023-11-25,11771559,ak023f4aoes3
2023-11-25,11771576,ak023f4bq1md
2023-11-25,11771586,ak023f4c5qpf
2023-11-25,11771624,ak023f4f6u3w
2023-11-25,11771665,ak023f4fh2nm
2023-11-26,11771721,ak023f5ryel1
2023-11-26,11771748,ak023f5ts1cv
2023-11-26,11771751,ak023f5tt643
2023-11-26,11771754,ak023f5twqh8
2023-11-26,11771812,ak023f5wv8wm
2023-11-26,11771836,ak023f5yiv2f
2023-11-26,11771866,ak023f60cu53
2023-11-26,11771868,ak023f60fad3
2023-11-26,11771888,ak023f61nr61
2023-11-26,11771951,ak023f63co6g
2023-11-27,11772037,ak023f7eyaqg
2023-11-27,11772045,ak023f7fli7f
2023-11-27,11772050,ak023f7fsxjb
2023-11-27,11772066,ak023f7gx20l
2023-11-27,11772067,ak023f7gxvlm
2023-11-27,11772090,ak023f7in4zg
2023-11-27,11772129,ak023f7kfnfk
2023-11-27,11772131,ak023f7kg6bj
2023-11-27,11772147,ak023f7lpxlv
2023-11-28,11772480,ak023f94ddvx
2023-11-28,11772501,ak023f94gtt9
2023-11-28,11772532,ak023f969icq
2023-11-28,11772539,ak023f96li9c
2023-11-28,11772579,ak023f99alme
2023-11-28,11772766,ak023f9g6lfc
2023-11-28,11772772,ak023f9gf8hp
2023-11-29,11772928,ak023fasce9i
2023-11-29,11772931,ak023fasf4wv
2023-11-29,11772949,ak023fat5wqn
2023-11-29,11773002,ak023faud7f3
2023-11-29,11773017,ak023favj1hc
2023-11-29,11773018,ak023favlmhg
2023-11-29,11773020,ak023favk33z
2023-11-29,11773042,ak023fax5zyk
2023-11-29,11773095,ak023fb07q8w
2023-11-29,11773177,ak023fb24q21
2023-11-29,11773194,ak023fb32kb6
2023-11-30,11773303,us7000leq3
2023-11-30,11773314,ak023fchx6w6
2023-11-30,11773322,ak023fcibn5r
2023-11-30,11773383,ak023fckdbmd
2023-11-30,11773464,ak023fcn8e1a
2023-11-30,11773472,ak023fcno9qd
2023-11-30,11773473,ak023fcnoj4d
2023-11-30,11773497,ak023fcotnip
2023-11-30,11773599,ak023fcpm5ye
2023-12-01,11773732,ak023fe1sce3
2023-12-01,11773824,ak023fe4b796
2023-12-01,11773860,ak023fe5eg8x
2023-12-01,11773922,ak023fe8zqhb
2023-12-01,11774125,ak023feegab2
2023-12-01,11774127,ak023feeqsd9
2023-12-02,11774153,ak023ffp6sgi
2023-12-02,11774159,ak023ffpegue
2023-12-02,11774205,ak023ffpidbv
2023-12-02,11774217,ak023ffq3ccy
2023-12-02,11774285,ak023fft0z7f
2023-12-02,11774298,ak023fftgdg6
2023-12-02,11774315,ak023ffuourh
2023-12-02,11774347,ak023ffvvoiy
2023-12-02,11774383,ak023ffwmf0r
2023-12-02,11774399,ak023ffx8st0
2023-12-02,11774430,ak023ffy6ek5
2023-12-02,11774440,ak023ffya8b7
2023-12-02,11774485,ak023fg0mqi9
2023-12-02,11774502,us7000lfn4
2023-12-02,11774524,ak023fg2d3uz
2023-12-03,11774626,ak023fhfwk1p
2023-12-03,11774638,ak023fhgggc6
2023-12-03,11774647,ak023fhgkj4f
2023-12-03,11774679,ak023fhieeqf
2023-12-03,11774683,ak023fhiqdmx
2023-12-03,11774774,ak023fhnfafw
2023-12-03,11774789,ak023fho3qu0
2023-12-03,11774837,ak023fhpfh80
2023-12-03,11774845,ak023fhpv73a
2023-12-03,11774856,ak023fhq1u3g
2023-12-04,11774874,ak023fj09v3g
2023-12-04,11774879,ak023fj0e3k7
2023-12-04,11774883,ak023fj0jpvq
2023-12-04,11774929,ak023fj2uof9
2023-12-04,11774969,ak023fj5oyic
2023-12-04,11775019,ak023fj6yq16
2023-12-04,11775023,ak023fj70y0e
2023-12-04,11775037,ak023fj7pf95
2023-12-04,11775221,ak023fjchgnc
2023-12-04,11775307,ak023fjcy11v
2023-12-05,11775382,ak023fkp4epr
2023-12-05,11775384,ak023fkpa75m
2023-12-05,11775405,ak023fkqauy4
2023-12-05,11775407,ak023fkqbxan
2023-12-05,11775428,ak023fkri5jh
2023-12-05,11775448,ak023fksa8lt
2023-12-05,11775454,ak023fksvkvc
2023-12-05,11775458,ak023fkt80ba
2023-12-05,11775475,ak023fkudta4
2023-12-05,11775476,ak023fkudt2o
2023-12-05,11775509,ak023fkw4nep
2023-12-05,11775512,ak023fkw7mra
2023-12-05,11775576,ak023fky8bdc
2023-12-05,11775595,ak023fkz6jt9
2023-12-05,11775597,ak023fkz7aa6
2023-12-05,11775604,ak023fkzamgd
2023-12-05,11775650,ak023fkze2az
2023-12-05,11775684,ak023fl0erl7
2023-12-05,11775700,ak023fl0mxhk
2023-12-06,11775793,ak023fmbibk7
2023-12-06,11775795,ak023fmbj05o
2023-12-06,11775822,ak023fmcjwt3
2023-12-06,11775827,ak023fmcmguu
2023-12-06,11775875,ak023fmfjoo5
2023-12-06,11775897,ak023fmgqhwk
2023-12-06,11775921,ak023fmhwyud
2023-12-06,11775930,ak023fmi6nrq
2023-12-06,11775939,ak023fmj5bsk
2023-12-06,11775941,ak023fmjc1kg
2023-12-06,11775957,ak023fmjzaff
2023-12-06,11776091,ak023fmmqkof
2023-12-06,11776133,ak023fmnerno
2023-12-06,11776193,ak023fmjz5jv
2023-12-07,11776196,ak023fnyeirv
2023-12-07,11776299,ak023fnzshe1
2023-12-07,11776358,ak023fo2ri4e
2023-12-07,11776374,ak023fo3u1wc
2023-12-07,11776383,ak023fo4dj21
2023-12-07,11776411,ak023fo628g5
2023-12-07,11776417,ak023fo65rxt
2023-12-07,11776449,ak023fo7hw7p
2023-12-08,11776793,ak023fpmi9m6
2023-12-08,11776879,ak023fpoab2p
2023-12-08,11776903,ak023fppjmm7
2023-12-08,11776999,ak023fptnq23
2023-12-08,11777183,ak023fpz5g4a
2023-12-08,11777191,ak023fpz8crf
2023-12-08,11777205,ak023fpzoc9z
2023-12-08,11777208,ak023fpzrm0g
2023-12-09,11777264,ak023frb6lpt
2023-12-09,11777266,ak023frb6zib
2023-12-09,11777368,ak023frd7g8b
2023-12-09,11777464,ak023frhz46j
2023-12-09,11777467,ak023frhzses
2023-12-09,11777476,ak023frilkvn
2023-12-09,11777481,ak023frilmn3
2023-12-09,11777566,ak023frm6krz
2023-12-10,11777699,ak023ft0g3fn
2023-12-10,11777707,ak023ft0qjoi
2023-12-10,11777711,ak023ft13fif
2023-12-10,11777717,ak023ft1corc
2023-12-10,11777741,ak023ft2xu3c
2023-12-10,11777768,ak023ft4renu
2023-12-10,11777774,ak023ft5hdse
2023-12-10,11777791,ak023ft6fnk2
2023-12-10,11777795,ak023ft6o8sl
2023-12-10,11777944,us7000lhzw
2023-12-11,11778055,ak023fupx2j3
2023-12-11,11778066,ak023fuqj4ly
2023-12-11,11778086,ak023furu0hx
2023-12-11,11778096,ak023fusfbid
2023-12-11,11778145,ak023fuu5ti2
2023-12-11,11778182,ak023fuvsuu6
2023-12-11,11778193,ak023fuvz6tq
2023-12-11,11778293,ak023fuxlqsq
2023-12-11,11778308,us7000li97
2023-12-11,11778322,ak023fuyczsg
2023-12-12,11778390,ak023fw8l1j2
2023-12-12,11778404,ak023fw9btnh
2023-12-12,11778454,ak023fwb5uhx
2023-12-12,11778461,ak023fwb64hc
2023-12-12,11778499,ak023fwc5qbl
2023-12-12,11778515,ak023fwcqf5f
2023-12-12,11778535,ak023fwdlizu
2023-12-12,11778559,ak023fwfdedx
2023-12-12,11778581,ak023fwgyf9b
2023-12-12,11778586,ak023fwh59xp
2023-12-12,11778662,ak023fwk3kag
2023-12-12,11778718,ak023fwknsz1
2023-12-12,11778736,ak023fwl4b2v
2023-12-13,11778864,ak023fxz3bfg
2023-12-13,11778895,ak023fy09njc
2023-12-13,11778961,ak023fy3bifc
2023-12-13,11779007,ak023fy4qdoh
2023-12-13,11779039,ak023fy5txyf
2023-12-14,11779303,ak023fzjyc4t
2023-12-14,11779315,ak023fzkz4ty
2023-12-14,11779327,ak023fzlek7t
2023-12-14,11779361,ak023fzmvz4r
2023-12-14,11779375,ak023fznj52z
2023-12-14,11779443,ak023fzqtdc6
2023-12-14,11779451,ak023fzr0fny
2023-12-14,11779613,ak023fzv2fw9
2023-12-15,11779727,ak023g16q0m3
2023-12-15,11779747,ak023g17d5d9
2023-12-15,11779750,ak023g17i09v
2023-12-15,11779763,ak023g18dznx
2023-12-15,11779787,ak023g18ngs1
2023-12-15,11779848,ak023g1c8h24
2023-12-15,11779883,ak023g1ejcqt
2023-12-15,11779920,ak023g1g88rs
2023-12-15,11779933,ak023g1gepai
2023-12-15,11779944,ak023g1gz9mq
2023-12-15,11779960,ak023g1i03k1
2023-12-15,11779964,ak023g1i2yaf
2023-12-16,11780098,ak023g2ud580
2023-12-16,11780106,ak023g2uq2k6
2023-12-16,11780126,ak023g2vbuzs
2023-12-16,11780127,ak023g2vczvb
2023-12-16,11780130,ak023g2vfz9u
2023-12-16,11780156,ak023g2wjuzw
2023-12-16,11780158,ak023g2wnffs
2023-12-16,11780186,ak023g2xsokd
2023-12-16,11780202,ak023g2ylt2w
2023-12-16,11780204,ak023g2yltde
2023-12-16,11780252,ak023g31lbei
2023-12-16,11780262,ak023g3264zd
2023-12-16,11780274,ak023g3337bf
2023-12-16,11780306,ak023g34zcbc
2023-12-16,11780319,ak023g35jxin
2023-12-17,11780396,ak023g4hthlf
2023-12-17,11780537,ak023g4m0wks
2023-12-17,11780548,ak023g4nquj9
2023-12-17,11780581,ak023g4q5477
2023-12-17,11780672,ak023g4u62e5
2023-12-18,11780798,ak023g6aog2w
2023-12-18,11780999,ak023g6h6afq
2023-12-18,11781072,ak023g6hzxdi
2023-12-19,11781123,ak023g7sxz09
2023-12-19,11781217,ak023g7wlt6q
2023-12-19,11781246,ak023g7y3qe0
2023-12-19,11781249,ak023g7y6bo6
2023-12-19,11781253,ak023g7y8xe3
2023-12-19,11781264,ak023g7ynybo
2023-12-19,11781276,ak023g7zg9cq
2023-12-19,11781383,ak023g84b9wo
2023-12-19,11781419,ak023g85ez1g
2023-12-19,11781447,ak023g86f0sp
2023-12-20,11781551,ak023g9hhxls
2023-12-20,11781616,ak023g9i2qqn
2023-12-20,11781622,ak023g9icf1f
2023-12-20,11781633,ak023g9izc83
2023-12-20,11781649,ak023g9jxzns
2023-12-20,11781656,ak023g9k5qeg
2023-12-20,11781741,ak023g9olltl
2023-12-20,11781764,ak023g9nhce7
2023-12-20,11781801,ak023g9qk7fm
2023-12-20,11781815,ak023g9r1s6r
2023-12-20,11781920,ak023g9sg4tn
2023-12-20,11781951,ak023g9teyx9
2023-12-20,11781959,ak023g9tj3ha
2023-12-21,11782004,ak023gb4jnwl
2023-12-21,11782047,ak023gb52j0y
2023-12-21,11782062,ak023gb5tr3n
2023-12-21,11782092,ak023gb7hsei
2023-12-21,11782108,ak023gb8agwl
2023-12-21,11782167,ak023gbbk64j
2023-12-21,11782210,ak023gb6gxwo
2023-12-21,11782215,ak023gbde7b2
2023-12-21,11782271,ak023gbfdetw
2023-12-21,11782316,ak023gbgys2j
2023-12-22,11782447,ak023gcs8md7
2023-12-22,11782450,ak023gcs7d6l
2023-12-22,11782502,ak023gct56rz
2023-12-22,11782509,ak023gctajpc
2023-12-22,11782515,ak023gctdcn6
2023-12-22,11782590,ak023gcv29ry
2023-12-22,11782612,ak023gcwoh7p
2023-12-22,11782617,ak023gcwx5ez
2023-12-22,11782653,ak023gcz3zc4
2023-12-22,11782794,ak023gd27mot
2023-12-23,11782943,ak023gef2fc1
2023-12-23,11782963,ak023geg8ftb
2023-12-23,11783004,ak023gehzno2
2023-12-23,11783075,ak023gelhk7i
2023-12-23,11783134,ak023gefr539
2023-12-23,11783156,ak023gep8ykn
2023-12-24,11783284,ak023gg3ucqx
2023-12-24,11783314,ak023gg5dqnq
2023-12-24,11783368,ak023gg2kc73
2023-12-24,11783375,ak023gg79vvj
2023-12-24,11783378,ak023gg7ed11
2023-12-24,11783379,ak023gg7rfd5
2023-12-24,11783399,ak023gg8k4fe
2023-12-24,11783401,ak023gg8y168
2023-12-24,11783423,ak023gg9sq1l
2023-12-24,11783426,ak023gga6mr9
2023-12-24,11783444,ak023ggbzzpw
2023-12-24,11783460,ak023ggcv4qb
2023-12-24,11783493,ak023ggc6xdt
2023-12-24,11783511,ak023ggfipr4
2023-12-25,11783558,ak023ghq1r0w
2023-12-25,11783626,ak023ghuwwd6
2023-12-25,11783629,ak023ghvijmd
2023-12-25,11783648,ak023ghx5u51
2023-12-25,11783673,ak023ghz6w86
2023-12-25,11783681,ak023ghu8fw6
2023-12-25,11783687,ak023ghvc2u1
2023-12-25,11783695,ak023gi03dd8
2023-12-25,11783698,ak023gi052bk
2023-12-25,11783700,ak023gi069bn
2023-12-25,11783706,us7000lldz
2023-12-25,11783745,ak023gi23y4y
2023-12-25,11783755,ak023gi2kq0t
2023-12-26,11783840,ak023gjfye1y
2023-12-26,11783847,ak023gjgiyq0
2023-12-26,11783861,ak023gjh2ur6
2023-12-26,11783870,ak023gjh7z4b
2023-12-26,11783871,ak023gjh93ja
2023-12-26,11783888,ak023gjhylze
2023-12-26,11783898,ak023gjj043s
2023-12-26,11783910,ak023gjjknn7
2023-12-26,11783921,ak023gjk6jlk
2023-12-26,11783928,ak023gjknved
2023-12-26,11783952,ak023gjm041z
2023-12-26,11783953,ak023gjm0rc3
2023-12-26,11783960,ak023gjmq4rc
2023-12-26,11783977,ak023gjgizwm
2023-12-26,11783986,ak023gjo81qv
2023-12-26,11783998,ak023gjoer2s
2023-12-26,11784026,ak023gjphouq
2023-12-26,11784043,ak023gjqkteu
2023-12-27,11784142,ak023gl40spb
2023-12-27,11784178,ak023gl41x7w
2023-12-27,11784191,ak023gl60ft1
2023-12-27,11784200,ak023gl79sy6
2023-12-27,11784217,ak023gl8u88y
2023-12-27,11784240,ak023gla31r6
2023-12-27,11784260,ak023glatmw4
2023-12-27,11784291,ak023glcdb4b
2023-12-27,11784336,ak023gld7w9s
2023-12-28,11784591,ak023gmsz7n3
2023-12-28,11784604,ak023gmtgxpp
2023-12-28,11784667,ak023gmwfqiu
2023-12-28,11784671,ak023gmwjsbk
2023-12-28,11784682,ak023gmwzlh9
2023-12-28,11784720,ak023gmyad0r
2023-12-28,11784734,ak023gmz08yq
2023-12-28,11784801,ak023gn0rvu9
2023-12-28,11784821,ak023gn1aqw6
2023-12-28,11784854,ak023gn2aczg
2023-12-29,11784869,ak023goc4x00
2023-12-29,11784905,ak023gocb4vo
2023-12-29,11784937,ak023gocy3my
2023-12-29,11784946,ak023godcr3i
2023-12-29,11784974,ak023goeo18z
2023-12-29,11784994,ak023gof6w0x
2023-12-29,11785093,ak023goh46mc
2023-12-29,11785130,ak023goj8vop
2023-12-29,11785258,ak023gonghau
2023-12-29,11785264,ak023gonlan1
2023-12-30,11785521,ak023gq1pncr
2023-12-30,11785524,ak023gq20iax
2023-12-30,11785565,us6000m0jr
2023-12-30,11785567,ak023gq3y808
2023-12-30,11785577,ak023gq4dw47
2023-12-30,11785589,ak023gq4kidd
2023-12-30,11785599,ak023gq4q0vl
2023-12-30,11785645,ak023gq6dwzn
2023-12-30,11785657,ak023gq6ud9m
2023-12-30,11785682,ak023gq8a8k2
2023-12-30,11785684,ak023gq8m3ch
2023-12-30,11785710,ak023gq98an9
2023-12-30,11785762,ak023gqb56o7
2023-12-30,11785783,ak023gqbqxvw
2023-12-30,11785799,ak023gqcb4z3
2023-12-30,11785812,ak023gqcxl3z
2023-12-31,11785846,ak023grnrmp6
2023-12-31,11785850,ak023grnx6bc
2023-12-31,11785855,ak023grof0p1
2023-12-31,11785872,ak023grp048w
2023-12-31,11785902,us6000m0s4
2023-12-31,11785923,ak023grqu621
2023-12-31,11785966,ak023grt8tmp
2023-12-31,11785968,ak023grteq5z
2023-12-31,11785982,ak023grul674
2023-12-31,11786025,ak023grwum8c
2023-12-31,11786056,ak023grxhz3j
2023-12-31,11786082,ak023grygz4m
2023-12-31,11786146,ak023gs13wu4
